Site_ID,Date_start,Date_end,CH4mean,CO2mean,N2Omean,Diffusive_CH4_Flux_Mean,CO2_Flux_Mean,N2O_Flux_Mean,Diff_Method,Latitude,Longitude,Elevation_m,Slope_m_per_m,Strahler_order,Basin_size_km2,Channel_type
1000,2016-08-01,2016-08-01,59.92542756,587.84384,NA,4.430826687,42.45296088,NA,conc+k,70.8313,147.519,61,NA,NA,NA,NA
1000,2016-08-05,2016-08-05,15.38659089,457.11936,NA,1.146495273,32.57152942,NA,conc+k,70.8313,147.519,61,NA,NA,NA,NA
1000,2016-08-08,2016-08-08,41.74030188,603.664,NA,3.016990126,43.48539346,NA,conc+k,70.8313,147.519,61,NA,NA,NA,NA
1001,2016-08-01,2016-08-01,2.168181904,129.89184,NA,5.909917038,303.9340435,NA,conc+k,70.8306,147.519,61,NA,NA,NA,NA
1001,2016-08-05,2016-08-05,2.058272683,84.09664,NA,5.586369673,169.2717615,NA,conc+k,70.8306,147.519,61,NA,NA,NA,NA
1001,2016-08-08,2016-08-08,4.184251046,109.07584,NA,11.38336896,239.7589971,NA,conc+k,70.8306,147.519,61,NA,NA,NA,NA
1002,2016-08-01,2016-08-01,1.199200609,91.5904,NA,3.307592664,192.0230385,NA,conc+k,70.8295,147.512,61,NA,NA,NA,NA
1002,2016-08-05,2016-08-05,1.584832963,68.27648,NA,4.17495409,130.6634001,NA,conc+k,70.8295,147.512,61,NA,NA,NA,NA
1002,2016-08-08,2016-08-08,1.881157823,83.264,NA,5.058646642,175.0763854,NA,conc+k,70.8295,147.512,61,NA,NA,NA,NA
1003,2016-08-01,2016-08-01,1.303209335,139.05088,NA,3.483406801,301.1641837,NA,conc+k,70.8283,147.506,61,NA,NA,NA,NA
1003,2016-08-05,2016-08-05,1.282707615,39.96672,NA,3.477400631,53.44018222,NA,conc+k,70.8283,147.506,61,NA,NA,NA,NA
1003,2016-08-08,2016-08-08,1.788350037,70.7744,NA,4.936731027,134.5047201,NA,conc+k,70.8283,147.506,61,NA,NA,NA,NA
1089,2018-05-08,2018-05-08,0.834,134.39,0.152,1.1232,110.5056,NA,suspended/tethered chamber- linear response,43.1114,-89.5361,279,0.0059,1,24.9,CH
1089,2018-07-25,2018-07-25,0.095,223.36,0.135,1.4688,759.24,NA,suspended/tethered chamber- linear response,43.1114,-89.5361,279,0.0059,1,24.9,CH
1089,2018-08-07,2018-08-07,0.186,351.6,0.184,1.728,867.1968,NA,suspended/tethered chamber- linear response,43.1114,-89.5361,279,0.0059,1,24.9,CH
1090,2018-05-08,2018-05-08,0.556,4.02,0.027,3.2832,-43.5456,NA,suspended/tethered chamber- linear response,43.0986,-89.5214,282,0.0053,1,16.1,CH
1090,2018-07-25,2018-07-25,0.33,1.71,0.007,1.8144,-52.38432,NA,suspended/tethered chamber- linear response,43.0986,-89.5214,282,0.0053,1,16.1,CH
1090,2018-08-07,2018-08-07,0.799,21.51,-999999,3.9744,35.0784,NA,suspended/tethered chamber- linear response,43.0986,-89.5214,282,0.0053,1,16.1,CH
1090,2018-09-06,2018-09-06,0.784,58.01,-999999,2.6784,126.8352,NA,suspended/tethered chamber- linear response,43.0986,-89.5214,282,0.0053,1,16.1,CH
1090,2018-10-12,2018-10-12,0.14,40.39,0.097,2.4192,153.6192,NA,suspended/tethered chamber- linear response,43.0986,-89.5214,282,0.0053,1,16.1,CH
1090,2018-11-01,2018-11-01,0.632,75.17,0.16,0.6048,29.808,NA,suspended/tethered chamber- linear response,43.0986,-89.5214,282,0.0053,1,16.1,CH
1091,2018-05-09,2018-05-09,1.588,99.14,0.01,9.4176,331.5168,NA,suspended/tethered chamber- linear response,43.1402,-89.4425,256,0.0023,1,32.6,NA
1091,2018-07-30,2018-07-30,0.6,191.29,0.096,2.5056,338.41152,NA,suspended/tethered chamber- linear response,43.1402,-89.4425,256,0.0023,1,32.6,NA
1091,2018-08-15,2018-08-15,1.22,212.48,0.1,1.9008,286.1568,NA,suspended/tethered chamber- linear response,43.1402,-89.4425,256,0.0023,1,32.6,NA
1091,2018-09-07,2018-09-07,1.219,337.43,0.146,13.0464,276.8256,NA,suspended/tethered chamber- linear response,43.1402,-89.4425,256,0.0023,1,32.6,NA
1091,2018-10-12,2018-10-12,1.592,211.92,0.148,8.8992,435.9744,NA,suspended/tethered chamber- linear response,43.1402,-89.4425,256,0.0023,1,32.6,NA
1091,2018-11-01,2018-11-01,1.056,181.46,0.046,4.6656,288.4896,NA,suspended/tethered chamber- linear response,43.1402,-89.4425,256,0.0023,1,32.6,NA
1092,2018-05-10,2018-05-10,2.283,154.39,0.034,4.9248,339.552,NA,suspended/tethered chamber- linear response,43.145,-89.4721,262,0.003,1,25.8,NA
1092,2018-07-23,2018-07-23,0.169,115.7,0.08,18.576,1951.36128,NA,suspended/tethered chamber- linear response,43.145,-89.4721,262,0.003,1,25.8,NA
1092,2018-07-31,2018-07-31,0.196,208.04,0.138,5.616,1219.82976,NA,suspended/tethered chamber- linear response,43.145,-89.4721,262,0.003,1,25.8,NA
1092,2018-08-15,2018-08-15,0.822,194.94,0.146,14.9472,1784.3328,NA,suspended/tethered chamber- linear response,43.145,-89.4721,262,0.003,1,25.8,NA
1092,2018-09-07,2018-09-07,0.753,234.39,0.192,2.9376,1750.9824,NA,suspended/tethered chamber- linear response,43.145,-89.4721,262,0.003,1,25.8,NA
1092,2018-10-12,2018-10-12,0.357,217.64,0.176,5.4432,1110.4992,NA,suspended/tethered chamber- linear response,43.145,-89.4721,262,0.003,1,25.8,NA
1092,2018-11-01,2018-11-01,0.196,170.77,0.234,2.8512,712.4544,NA,suspended/tethered chamber- linear response,43.145,-89.4721,262,0.003,1,25.8,NA
1093,2018-07-23,2018-07-23,0.285,112.39,0.051,8.2944,804.87648,NA,suspended/tethered chamber- linear response,42.9492,-89.5442,276,0.0025,3,214.2,NA
1093,2018-07-31,2018-07-31,0.128,79.26,0.042,2.3328,262.75968,NA,suspended/tethered chamber- linear response,42.9492,-89.5442,276,0.0025,3,214.2,NA
1093,2018-08-09,2018-08-09,0.129,99.55,0.037,2.2464,265.9392,NA,suspended/tethered chamber- linear response,42.9492,-89.5442,276,0.0025,3,214.2,NA
1093,2018-09-07,2018-09-07,0.301,204.54,0.086,2.8512,809.3952,NA,suspended/tethered chamber- linear response,42.9492,-89.5442,276,0.0025,3,214.2,NA
1093,2018-10-12,2018-10-12,0.165,183.34,0.131,1.6416,679.968,NA,suspended/tethered chamber- linear response,42.9492,-89.5442,276,0.0025,3,214.2,NA
1093,2018-11-08,2018-11-08,0.206,141.07,0.103,2.0736,581.7312,NA,suspended/tethered chamber- linear response,42.9492,-89.5442,276,0.0025,3,214.2,NA
1094,2018-07-23,2018-07-23,0.296,195.38,0.07,2.2464,848.64672,NA,suspended/tethered chamber- linear response,42.9769,-89.5394,282,0.0016,1,52.6,NA
1094,2018-07-31,2018-07-31,0.088,166.31,0.065,0.3456,172.95552,NA,suspended/tethered chamber- linear response,42.9769,-89.5394,282,0.0016,1,52.6,NA
1094,2018-08-09,2018-08-09,0.258,234.18,0.084,0.5184,221.0112,NA,suspended/tethered chamber- linear response,42.9769,-89.5394,282,0.0016,1,52.6,NA
1094,2018-09-07,2018-09-07,0.531,192.12,0.147,11.9232,2021.1552,NA,suspended/tethered chamber- linear response,42.9769,-89.5394,282,0.0016,1,52.6,NA
1094,2018-10-12,2018-10-12,0.31,208.15,0.12,4.1472,1037.4048,NA,suspended/tethered chamber- linear response,42.9769,-89.5394,282,0.0016,1,52.6,NA
1094,2018-11-08,2018-11-08,0.217,191.99,0.122,2.3328,841.1904,NA,suspended/tethered chamber- linear response,42.9769,-89.5394,282,0.0016,1,52.6,NA
1095,2018-07-26,2018-07-26,0.591,201.59,0.062,5.5296,881.97984,NA,suspended/tethered chamber- linear response,43.1256,-89.6344,274,0.007,2,26.2,CH
1095,2018-08-30,2018-08-30,0.972,481.78,0.216,7.6896,1995.4944,NA,suspended/tethered chamber- linear response,43.1256,-89.6344,274,0.007,2,26.2,CH
1095,2018-09-14,2018-09-14,0.648,339.12,0.138,6.2208,1330.3872,NA,suspended/tethered chamber- linear response,43.1256,-89.6344,274,0.007,2,26.2,CH
1095,2018-10-11,2018-10-11,0.948,385.28,0.221,9.1584,1742.5152,NA,suspended/tethered chamber- linear response,43.1256,-89.6344,274,0.007,2,26.2,CH
1095,2018-11-02,2018-11-02,0.471,248.36,0.178,3.1104,871.6896,NA,suspended/tethered chamber- linear response,43.1256,-89.6344,274,0.007,2,26.2,CH
1098,2018-07-26,2018-07-26,0.06,96.17,0.021,2.6784,655.65504,NA,suspended/tethered chamber- linear response,43.1148,-89.6643,262,0.0015,3,68.9,PS
1098,2018-08-30,2018-08-30,0.561,219.88,0.121,8.7264,1753.056,NA,suspended/tethered chamber- linear response,43.1148,-89.6643,262,0.0015,3,68.9,PS
1098,2018-09-14,2018-09-14,0.2,158.31,0.082,5.4432,1311.3792,NA,suspended/tethered chamber- linear response,43.1148,-89.6643,262,0.0015,3,68.9,PS
1098,2018-10-11,2018-10-11,0.235,161.79,0.058,3.456,1044.0576,NA,suspended/tethered chamber- linear response,43.1148,-89.6643,262,0.0015,3,68.9,PS
1098,2018-11-02,2018-11-02,0.115,109.67,0.035,1.2096,437.7888,NA,suspended/tethered chamber- linear response,43.1148,-89.6643,262,0.0015,3,68.9,PS
1100,2018-07-26,2018-07-26,0.269,119.41,0.041,3.024,670.3776,NA,suspended/tethered chamber- linear response,43.1096,-89.6407,268,0.0014,2,29.5,NA
1100,2018-08-30,2018-08-30,0.695,195.58,0.097,10.9728,1455.408,NA,suspended/tethered chamber- linear response,43.1096,-89.6407,268,0.0014,2,29.5,NA
1100,2018-09-14,2018-09-14,0.543,202.43,0.093,8.5536,1065.8304,NA,suspended/tethered chamber- linear response,43.1096,-89.6407,268,0.0014,2,29.5,NA
1100,2018-10-11,2018-10-11,0.323,168.41,0.033,6.048,1221.3504,NA,suspended/tethered chamber- linear response,43.1096,-89.6407,268,0.0014,2,29.5,NA
1100,2018-11-02,2018-11-02,0.219,124.08,0.11,2.7648,575.424,NA,suspended/tethered chamber- linear response,43.1096,-89.6407,268,0.0014,2,29.5,NA
1130,2018-10-14,2018-10-14,0.301112497,NA,NA,0.071252672,52.96061726,NA,floating chamber- linear response,42.5538,-71.1438,35,NA,3,37.6,NA
1130,2018-10-26,2018-10-26,0.306891254,NA,NA,0.114477016,55.41291536,NA,floating chamber- linear response,42.5538,-71.1438,35,NA,3,37.6,NA
1130,2018-11-02,2018-11-02,0.164582357,NA,NA,0.029825789,22.48750739,NA,floating chamber- linear response,42.5538,-71.1438,35,NA,3,37.6,NA
1130,2018-11-09,2018-11-09,0.316569269,NA,NA,0.139767433,74.14208643,NA,floating chamber- linear response,42.5538,-71.1438,35,NA,3,37.6,NA
1130,2018-11-20,2018-11-20,0.234236012,NA,NA,0.133108718,128.9192533,NA,floating chamber- linear response,42.5538,-71.1438,35,NA,3,37.6,NA
1130,2018-12-19,2018-12-19,0.206448394,NA,NA,0.038442528,52.96061726,NA,floating chamber- linear response,42.5538,-71.1438,35,NA,3,37.6,NA
1130,2019-01-03,2019-01-03,0.153695332,NA,NA,0.02445012,40.55270121,NA,floating chamber- linear response,42.5538,-71.1438,35,NA,3,37.6,NA
1130,2019-01-08,2019-01-08,0.232829477,NA,NA,0.108985714,82.39158885,NA,floating chamber- linear response,42.5538,-71.1438,35,NA,3,37.6,NA
1130,2019-02-15,2019-02-15,0.297,NA,NA,0.167010826,23.66810772,NA,floating chamber- linear response,42.5538,-71.1438,35,NA,3,37.6,NA
1130,2019-03-25,2019-03-25,0.19240282,NA,NA,0.12419449,72.28539743,NA,floating chamber- linear response,42.5538,-71.1438,35,NA,3,37.6,NA
1130,2019-04-05,2019-04-05,0.3329375,NA,NA,0.051558479,31.59351681,NA,floating chamber- linear response,42.5538,-71.1438,35,NA,3,37.6,NA
1130,2019-04-26,2019-04-26,0.484009047,NA,NA,0.858876338,114.3949333,NA,floating chamber- linear response,42.5538,-71.1438,35,NA,3,37.6,NA
1130,2019-05-08,2019-05-08,0.31677638,NA,NA,0.304059073,68.09740693,NA,floating chamber- linear response,42.5538,-71.1438,35,NA,3,37.6,NA
1130,2019-05-17,2019-05-17,0.441837133,NA,NA,0.360634692,68.65383527,NA,floating chamber- linear response,42.5538,-71.1438,35,NA,3,37.6,NA
1130,2019-05-30,2019-05-30,0.575485435,NA,NA,0.80996126,94.21398809,NA,floating chamber- linear response,42.5538,-71.1438,35,NA,3,37.6,NA
1130,2019-06-03,2019-06-03,0.765918924,NA,NA,1.009777409,216.7201752,NA,floating chamber- linear response,42.5538,-71.1438,35,NA,3,37.6,NA
1130,2019-06-10,2019-06-10,1.149657781,NA,NA,1.591190532,121.3247475,NA,floating chamber- linear response,42.5538,-71.1438,35,NA,3,37.6,NA
1130,2019-06-17,2019-06-17,1.108871686,NA,NA,1.213674134,290.8959731,NA,floating chamber- linear response,42.5538,-71.1438,35,NA,3,37.6,NA
1130,2019-06-28,2019-06-28,4.554398461,NA,NA,4.516153889,304.9591881,NA,floating chamber- linear response,42.5538,-71.1438,35,NA,3,37.6,NA
1130,2019-07-08,2019-07-08,24.03711122,NA,NA,3.001401644,264.1077925,NA,floating chamber- linear response,42.5538,-71.1438,35,NA,3,37.6,NA
1130,2019-07-15,2019-07-15,9.396424083,NA,NA,4.31937823,163.9493506,NA,floating chamber- linear response,42.5538,-71.1438,35,NA,3,37.6,NA
1130,2019-07-22,2019-07-22,3.033664874,NA,NA,2.724755471,143.4384925,NA,floating chamber- linear response,42.5538,-71.1438,35,NA,3,37.6,NA
1130,2019-07-29,2019-07-29,0.16876295,NA,NA,3.615624666,264.1077925,NA,floating chamber- linear response,42.5538,-71.1438,35,NA,3,37.6,NA
1130,2019-08-06,2019-08-06,19.54978516,NA,NA,0.930776082,231.878137,NA,floating chamber- linear response,42.5538,-71.1438,35,NA,3,37.6,NA
1130,2019-08-27,2019-08-27,16.73458731,NA,NA,0.85473843,181.2660541,NA,floating chamber- linear response,42.5538,-71.1438,35,NA,3,37.6,NA
1130,2019-09-03,2019-09-03,1.456989015,NA,NA,0.235595205,184.4616213,NA,floating chamber- linear response,42.5538,-71.1438,35,NA,3,37.6,NA
1130,2019-09-13,2019-09-13,1.292580808,NA,NA,0.426466716,160.2118847,NA,floating chamber- linear response,42.5538,-71.1438,35,NA,3,37.6,NA
1130,2019-09-25,2019-09-25,1.190587474,NA,NA,0.309176392,133.3695673,NA,floating chamber- linear response,42.5538,-71.1438,35,NA,3,37.6,NA
1130,2019-10-07,2019-10-07,0.784574836,NA,NA,0.188676428,98.43405206,NA,floating chamber- linear response,42.5538,-71.1438,35,NA,3,37.6,NA
1130,2019-10-14,2019-10-14,0.698347983,NA,NA,0.090579361,77.08413951,NA,floating chamber- linear response,42.5538,-71.1438,35,NA,3,37.6,NA
1603,2015-08-13,2015-08-13,0.8492928,99.9168,NA,4.8792704,472.10688,NA,conc+k,59.8565,15.1885,255,NA,1,1.2,NA
1603,2016-04-09,2016-04-09,0.0999168,73.27232,NA,0.19317248,350.54144,NA,conc+k,59.8565,15.1885,255,NA,1,1.2,NA
1615,2005-10-25,2006-07-18,0.07793,39.99072,NA,0.14900216,83.61696,0.064299298,suspended/tethered chamber- linear response,49.8244,17.3132,535,NA,3,NA,NA
1616,2005-10-25,2006-07-18,0.02867824,25.67586,NA,0.015586,26.1303,0.01817648,suspended/tethered chamber- linear response,49.765,17.3181,330,NA,3,NA,NA
1617,2005-10-25,2006-07-18,0.08541128,41.12682,NA,0.08790504,74.52816,0.150637578,suspended/tethered chamber- linear response,49.7128,17.2601,240,NA,3,NA,NA
1618,2005-10-25,2006-07-18,0.75560928,76.34592,NA,3.07542952,211.99626,0.181992006,suspended/tethered chamber- linear response,49.6403,17.2463,215,NA,3,NA,NA
1681,2011-02-24,2011-02-24,0.71,66.74447382,NA,0.34,59.99,NA,floating chamber- unspecified response,11.4721,76.8182,1490,NA,NA,NA,SP
1687,2011-03-17,2011-03-17,2.05,39.2824035,NA,0.46,18.07,NA,floating chamber- unspecified response,8.6911,77.6993,40,NA,NA,NA,CAN
1774,2012-11-24,2012-11-24,0.3793,142.2483644,0.01112,10.2,1044,NA,conc+k,0.49339,24.1696,384,NA,NA,NA,NA
1786,2012-12-03,2012-12-03,0.1762,82.69273715,0.0102,0.15,101,NA,conc+k,0.7667,24.30437,371,NA,NA,NA,NA
1786,2012-12-04,2012-12-04,0.1791,92.66856811,0.0122,178,174,NA,conc+k,0.7667,24.30437,371,NA,NA,NA,NA
1796,2013-09-23,2013-09-23,0.6609,227.1540273,0.00836,9.3,1441,NA,conc+k,0.76278,24.59639,380,NA,NA,NA,NA
1798,2012-11-21,2012-11-21,0.6176,244.5396279,0.02025,0.2,102,NA,conc+k,0.77109,24.59753,400,NA,NA,NA,NA
1799,2012-11-20,2012-11-20,0.4402,211.8591271,0.01339,1.9,823,NA,conc+k,0.77375,24.59666,400,NA,NA,NA,NA
1800,2013-09-24,2013-09-24,0.5052,245.7565875,0.00737,0.9,2644,NA,conc+k,0.77518,24.59874,400,NA,NA,NA,NA
1801,2012-11-21,2012-11-21,0.4191,222.7225927,0.01246,0.5,264,NA,conc+k,0.77668,24.59986,400,NA,NA,NA,NA
1934,2017-08-10,2017-08-10,2,26.09068684,NA,6.533809344,35.06996416,NA,conc+k,34.88556,98.1711,4274,NA,5,NA,NA
2126,2012-06-20,2012-06-20,4.236643115,259.7204522,0.016119993,27.55498455,1610.312323,0.013611828,conc+k,68.654,-149.44056,765,NA,0,NA,NA
2126,2012-07-04,2012-07-04,2.048819675,111.2376258,0.012753151,12.19341067,551.6714899,-0.015129544,conc+k,68.654,-149.44056,765,NA,0,NA,NA
2126,2012-07-18,2012-07-18,0.481946077,56.72203839,0.017101044,3.05300605,229.9770273,0.01803787,conc+k,68.654,-149.44056,765,NA,0,NA,NA
2126,2012-07-29,2012-07-29,1.372144409,133.5086544,0.008438986,9.587374547,818.7067294,-0.028649521,conc+k,68.654,-149.44056,765,NA,0,NA,NA
2126,2012-08-20,2012-08-20,1.08327303,119.4934964,0.012955934,7.155765956,673.2964426,-0.003237735,conc+k,68.654,-149.44056,765,NA,0,NA,NA
2126,2012-08-30,2012-08-30,0.695944793,59.02633082,0.012343955,4.173270562,224.0434885,-0.016989184,conc+k,68.654,-149.44056,765,NA,0,NA,NA
2126,2013-06-10,2013-06-10,0.631751384,63.31029713,0.017631581,3.385079863,213.1019034,-0.000722679,conc+k,68.654,-149.44056,765,NA,0,NA,NA
2126,2013-06-23,2013-06-23,1.670328842,119.9214426,0.011097307,11.67117807,711.8307958,-0.011167048,conc+k,68.654,-149.44056,765,NA,0,NA,NA
2126,2013-07-11,2013-07-11,4.033815095,159.5519418,0.012111294,27.62854801,977.7568795,-0.006731376,conc+k,68.654,-149.44056,765,NA,0,NA,NA
2126,2013-07-26,2013-07-26,4.768630807,155.3869829,0.012548513,33.1257651,963.7232624,-0.002700802,conc+k,68.654,-149.44056,765,NA,0,NA,NA
2126,2013-08-06,2013-08-06,3.593354143,176.6933462,0.010221313,25.84795964,1148.583529,-0.015295347,conc+k,68.654,-149.44056,765,NA,0,NA,NA
2126,2013-08-22,2013-08-22,0.927300369,62.56049081,0.01151342,5.660019777,251.0199426,-0.020104353,conc+k,68.654,-149.44056,765,NA,0,NA,NA
2126,2014-06-07,2014-06-07,0.664139883,72.39282098,0.012556264,3.500469599,264.1067272,-0.027904687,conc+k,68.654,-149.44056,765,NA,0,NA,NA
2126,2014-06-19,2014-06-19,2.611987416,156.6064695,0.009414698,16.09171341,862.09886,-0.032481706,conc+k,68.654,-149.44056,765,NA,0,NA,NA
2126,2014-07-04,2014-07-04,0.913390216,77.04435255,0.012097908,6.233144786,402.2674705,-0.006236379,conc+k,68.654,-149.44056,765,NA,0,NA,NA
2126,2014-07-13,2014-07-13,1.004381427,70.9793141,0.011654213,6.742043478,351.5960055,-0.010129839,conc+k,68.654,-149.44056,765,NA,0,NA,NA
2126,2014-07-30,2014-07-30,12.30011078,276.2837105,0.015345875,90.43039986,1937.94571,0.024210665,conc+k,68.654,-149.44056,765,NA,0,NA,NA
2126,2014-08-14,2014-08-14,2.104920786,170.379224,0.009781224,14.10554588,1043.658227,-0.022881228,conc+k,68.654,-149.44056,765,NA,0,NA,NA
2126,2014-08-28,2014-08-28,1.803318357,103.3602203,0.011756965,11.20155167,523.046697,-0.01810811,conc+k,68.654,-149.44056,765,NA,0,NA,NA
2129,2012-05-29,2012-05-29,0.034400937,54.16047382,0.015050354,0.274487816,310.9908685,-0.018818799,conc+k,68.64292495,-149.3931177,763,NA,0,NA,NA
2129,2012-06-06,2012-06-06,0.058489626,118.0982664,0.014814574,0.524765021,953.4776982,-0.021534996,conc+k,68.64292495,-149.3931177,763,NA,0,NA,NA
2129,2012-06-20,2012-06-20,0.056715743,178.1865168,0.018177273,0.581221112,1798.285162,0.039821468,conc+k,68.64292495,-149.3931177,763,NA,0,NA,NA
2129,2012-07-18,2012-07-18,0.027685542,67.79379239,0.015200243,0.233901039,454.3374368,-0.01065031,conc+k,68.64292495,-149.3931177,763,NA,0,NA,NA
2129,2012-07-27,2012-07-27,0.027096536,74.73305568,0.010590707,0.242791785,568.0719762,-0.047146463,conc+k,68.64292495,-149.3931177,763,NA,0,NA,NA
2129,2012-08-17,2012-08-17,0.033021263,86.4620625,0.010393459,0.300267154,688.1190026,-0.053129918,conc+k,68.64292495,-149.3931177,763,NA,0,NA,NA
2129,2012-08-28,2012-08-28,0.027318473,79.33795486,0.01687314,0.221581437,558.3944999,-0.001569545,conc+k,68.64292495,-149.3931177,763,NA,0,NA,NA
2129,2013-06-10,2013-06-10,0.872243048,81.07551586,0.022322375,9.416114652,655.9395685,0.077296927,conc+k,68.64292495,-149.3931177,763,NA,0,NA,NA
2129,2013-06-23,2013-06-23,0.026009438,132.4484685,0.016409553,0.225604775,1170.764889,0.006143976,conc+k,68.64292495,-149.3931177,763,NA,0,NA,NA
2129,2013-07-10,2013-07-10,0.015728931,219.6188293,0.013781116,0.119874438,2154.158194,-0.019351937,conc+k,68.64292495,-149.3931177,763,NA,0,NA,NA
2129,2013-07-24,2013-07-24,0.03758324,123.6714852,0.015940672,0.349880948,1114.56846,0.005503659,conc+k,68.64292495,-149.3931177,763,NA,0,NA,NA
2129,2013-08-06,2013-08-06,0.035817465,234.049475,0.014799565,0.340692639,2420.7216,-0.001346122,conc+k,68.64292495,-149.3931177,763,NA,0,NA,NA
2129,2013-08-22,2013-08-22,0.028895499,68.81791197,0.012150852,0.248056201,470.8060811,-0.040678062,conc+k,68.64292495,-149.3931177,763,NA,0,NA,NA
2129,2014-06-07,2014-06-07,0.031770376,65.69416076,0.013394958,0.271696092,434.2911329,-0.028616107,conc+k,68.64292495,-149.3931177,763,NA,0,NA,NA
2129,2014-06-19,2014-06-19,0.024871155,63.55144567,0.010811565,0.20790072,411.9078113,-0.052863928,conc+k,68.64292495,-149.3931177,763,NA,0,NA,NA
2129,2014-07-04,2014-07-04,0.035744309,76.78879485,0.013603776,0.362315779,647.5699892,-0.004885227,conc+k,68.64292495,-149.3931177,763,NA,0,NA,NA
2129,2014-07-14,2014-07-14,0.025073545,91.24762674,0.013556746,0.229722685,789.1370161,-0.010930434,conc+k,68.64292495,-149.3931177,763,NA,0,NA,NA
2129,2014-07-31,2014-07-31,0.09528915,145.5896249,0.011717647,1.045258787,1488.879108,-0.023357148,conc+k,68.64292495,-149.3931177,763,NA,0,NA,NA
2129,2014-08-14,2014-08-14,0.242745546,298.6903353,0.012205377,2.73909223,3330.131785,-0.018019534,conc+k,68.64292495,-149.3931177,763,NA,0,NA,NA
2129,2014-08-28,2014-08-28,0.050071641,76.58512089,0.012068259,0.487641708,579.7658628,-0.033607881,conc+k,68.64292495,-149.3931177,763,NA,0,NA,NA
2169,2012-07-17,2012-07-17,0.522906339,382,NA,-0.0001,110,NA,floating chamber- unspecified response,38.6435,-83.2157,165.165024,NA,NA,31.597878,NA
2173,2012-07-21,2012-07-21,5.623239593,38,NA,0.317,30,NA,floating chamber- unspecified response,37.4158,-78.6354,143.89608,NA,NA,22.1185146,NA
2174,2012-07-21,2012-07-21,0.176147066,51,NA,0.87,160,NA,floating chamber- unspecified response,37.4236,-78.6599,164.592,NA,NA,NA,NA
2176,2012-07-22,2012-07-22,0.72225647,38,NA,0.85,70,NA,floating chamber- unspecified response,37.4333,-78.6866,188.976,NA,NA,NA,NA
2177,2012-07-22,2012-07-22,0.937747599,70,NA,0.645,130,NA,floating chamber- unspecified response,37.436,-78.6678,179.832,NA,NA,NA,NA
2179,2012-07-27,2012-07-27,9.451667585,297,NA,0.898,50,NA,floating chamber- unspecified response,34.2786,-78.1252,3.724656,NA,NA,55.943784,NA
2180,2012-07-28,2012-07-28,3.008565408,163,NA,3.121,510,NA,floating chamber- unspecified response,34.1506,-80.305,50.148744,NA,NA,248.63904,NA
2188,2012-08-05,2012-08-05,1.556737454,19,NA,1.016,10,NA,floating chamber- unspecified response,34.8899,-83.5316,578.78472,NA,NA,151.255416,NA
2194,2012-08-08,2012-08-08,0.578856816,65,NA,0.476,40,NA,floating chamber- unspecified response,34.9609,-83.3769,640.08,NA,NA,142.708449,NA
2198,2012-08-16,2012-08-16,0.092249981,59,NA,0.042,100,NA,floating chamber- unspecified response,35.9956,-92.2127,132.584952,NA,NA,150.478419,NA
2205,2012-08-31,2012-08-31,0.908289486,204,NA,6.582,1700,NA,floating chamber- unspecified response,30.1293,-84.4937,0,NA,NA,264.17898,NA
2237,2015-01-17,2015-01-17,0.036376008,139.3442187,NA,0.510336029,388.8,NA,floating chamber- unspecified response,45.1102,-91.5382,309.372,NA,NA,8.028969,NA
2237,2015-04-22,2015-04-22,0.113194599,125.7540353,NA,1.108799971,636.48,NA,floating chamber- unspecified response,45.1102,-91.5382,309.372,NA,NA,8.028969,NA
2237,2015-07-24,2015-07-24,0.17814853,195.5172859,NA,2.231999971,668.16,NA,floating chamber- unspecified response,45.1102,-91.5382,309.372,NA,NA,8.028969,NA
2237,2015-10-19,2015-10-19,0.056583774,148.4455071,NA,2.450880029,887.0400003,NA,floating chamber- unspecified response,45.1102,-91.5382,309.372,NA,NA,8.028969,NA
2237,2016-01-29,2016-01-29,0.145946294,219.7024962,NA,2.059199971,990.7200003,NA,floating chamber- unspecified response,45.1102,-91.5382,309.372,NA,NA,8.028969,NA
2237,2016-04-30,2016-04-30,0.006289734,37.81275049,NA,0.662111971,216,NA,floating chamber- unspecified response,45.1102,-91.5382,309.372,NA,NA,8.028969,NA
2237,2016-08-15,2016-08-15,0.180184636,208.0173446,NA,1.474560029,950.4,NA,floating chamber- unspecified response,45.1102,-91.5382,309.372,NA,NA,8.028969,NA
2238,2015-01-17,2015-01-17,0.315257646,128.831365,NA,6.451200029,388.8,NA,floating chamber- unspecified response,44.8753,-91.9381,233.897424,NA,NA,4584.2823,NA
2238,2015-04-22,2015-04-22,0.026856205,10.87498688,NA,3.44736,-77.76,NA,floating chamber- unspecified response,44.8753,-91.9381,233.897424,NA,NA,4584.2823,NA
2238,2015-07-24,2015-07-24,0.505414181,23.09629983,NA,20.88000003,95.04,NA,floating chamber- unspecified response,44.8753,-91.9381,233.897424,NA,NA,4584.2823,NA
2238,2015-10-19,2015-10-19,0.14475971,21.24379255,NA,3.911040029,8.64,NA,floating chamber- unspecified response,44.8753,-91.9381,233.897424,NA,NA,4584.2823,NA
2238,2016-01-29,2016-01-29,0.859101333,174.0981159,NA,6.67008,469.44,NA,floating chamber- unspecified response,44.8753,-91.9381,233.897424,NA,NA,4584.2823,NA
2238,2016-04-30,2016-04-30,0.029606118,18.40507607,NA,3.625920029,-8.64,NA,floating chamber- unspecified response,44.8753,-91.9381,233.897424,NA,NA,4584.2823,NA
2238,2016-08-15,2016-08-15,0.245368618,4.339700889,NA,12.096,-77.76,NA,floating chamber- unspecified response,44.8753,-91.9381,233.897424,NA,NA,4584.2823,NA
2239,2015-01-17,2015-01-17,0.056849998,158.6228844,NA,2.059199971,956.1600003,NA,floating chamber- unspecified response,45.0994,-91.6511,303.8856,NA,NA,60.605766,NA
2239,2015-07-24,2015-07-24,0.250670289,246.4283985,NA,9.216000029,2036.16,NA,floating chamber- unspecified response,45.0994,-91.6511,303.8856,NA,NA,60.605766,NA
2239,2015-10-19,2015-10-19,0.05287735,130.5876179,NA,2.318399971,743.04,NA,floating chamber- unspecified response,45.0994,-91.6511,303.8856,NA,NA,60.605766,NA
2239,2016-01-29,2016-01-29,0.093818069,163.8346146,NA,4.12128,1264.32,NA,floating chamber- unspecified response,45.0994,-91.6511,303.8856,NA,NA,60.605766,NA
2239,2016-04-30,2016-04-30,0.063431943,69.43838968,NA,2.26368,354.24,NA,floating chamber- unspecified response,45.0994,-91.6511,303.8856,NA,NA,60.605766,NA
2239,2016-08-15,2016-08-15,0.011683292,104.2764085,NA,4.089599971,2226.24,NA,floating chamber- unspecified response,45.0994,-91.6511,303.8856,NA,NA,60.605766,NA
2240,2015-01-18,2015-01-18,0.028523427,120.1533828,NA,1.405440029,892.7999997,NA,floating chamber- unspecified response,45.4525,-91.26,322.972176,NA,NA,4273.4835,NA
2240,2015-04-23,2015-04-23,0.019907617,42.04196346,NA,0.431423971,46.07999997,NA,floating chamber- unspecified response,45.4525,-91.26,322.972176,NA,NA,4273.4835,NA
2240,2015-07-23,2015-07-23,0.031374795,30.13578795,NA,1.07136,106.56,NA,floating chamber- unspecified response,45.4525,-91.26,322.972176,NA,NA,4273.4835,NA
2240,2015-10-20,2015-10-20,0.020384871,41.14280521,NA,1.051200029,167.04,NA,floating chamber- unspecified response,45.4525,-91.26,322.972176,NA,NA,4273.4835,NA
2240,2016-01-30,2016-01-30,0.0997986,131.62547,NA,2.589120029,1045.44,NA,floating chamber- unspecified response,45.4525,-91.26,322.972176,NA,NA,4273.4835,NA
2240,2016-05-01,2016-05-01,0.021125093,33.53974347,NA,0.502848,83.52000003,NA,floating chamber- unspecified response,45.4525,-91.26,322.972176,NA,NA,4273.4835,NA
2241,2014-10-10,2014-10-10,0.017332046,48.74238614,NA,0.0003,120,NA,floating chamber- unspecified response,45.4068,-91.219,321.972432,NA,NA,4817.3814,DD
2241,2015-01-18,2015-01-18,0.017167515,81.43815291,NA,0.784512,489.6,NA,floating chamber- unspecified response,45.4068,-91.219,321.972432,NA,NA,4817.3814,DD
2241,2015-04-23,2015-04-23,0.012761949,42.35685076,NA,0.317664029,132.48,NA,floating chamber- unspecified response,45.4068,-91.219,321.972432,NA,NA,4817.3814,DD
2241,2015-07-23,2015-07-23,0.013057103,2.817233408,NA,0.194112029,25.92,NA,floating chamber- unspecified response,45.4068,-91.219,321.972432,NA,NA,4817.3814,DD
2241,2015-10-20,2015-10-20,0.132329535,46.78011161,NA,2.724479971,60.48,NA,floating chamber- unspecified response,45.4068,-91.219,321.972432,NA,NA,4817.3814,DD
2241,2016-01-30,2016-01-30,0.063675318,110.768291,NA,2.122560029,469.44,NA,floating chamber- unspecified response,45.4068,-91.219,321.972432,NA,NA,4817.3814,DD
2241,2016-05-01,2016-05-01,0.008126006,32.01003711,NA,0.174528,74.88000003,NA,floating chamber- unspecified response,45.4068,-91.219,321.972432,NA,NA,4817.3814,DD
2242,2014-10-10,2014-10-10,0.013491755,30.72011953,NA,0.369,50,NA,floating chamber- unspecified response,45.308,-90.9565,333.058008,NA,NA,1491.83424,NA
2242,2015-04-23,2015-04-23,0.025129634,21.26659605,NA,0.176256,-17.28,NA,floating chamber- unspecified response,45.308,-90.9565,333.058008,NA,NA,1491.83424,NA
2242,2015-07-23,2015-07-23,0.052353275,8.88811065,NA,0.683424,-11.51999997,NA,floating chamber- unspecified response,45.308,-90.9565,333.058008,NA,NA,1491.83424,NA
2242,2015-10-20,2015-10-20,0.012368355,20.73284266,NA,0.0387072,0,NA,floating chamber- unspecified response,45.308,-90.9565,333.058008,NA,NA,1491.83424,NA
2242,2016-05-01,2016-05-01,0.008231174,24.02168165,NA,0.0867456,17.28,NA,floating chamber- unspecified response,45.308,-90.9565,333.058008,NA,NA,1491.83424,NA
2242,2016-08-16,2016-08-16,0.078295172,57.00909061,NA,1.24416,192.96,NA,floating chamber- unspecified response,45.308,-90.9565,333.058008,NA,NA,1491.83424,NA
2244,2015-04-25,2015-04-25,0.059952838,24.26995955,NA,0.474336,391.68,NA,floating chamber- unspecified response,44.6312,-91.969007,211.125816,NA,NA,23335.8099,NA
2244,2015-07-16,2015-07-16,0.020413261,41.25743847,NA,2.508479971,34.56,NA,floating chamber- unspecified response,44.6312,-91.969007,211.125816,NA,NA,23335.8099,NA
2244,2015-10-19,2015-10-19,0.073043805,28.49082208,NA,1.061568029,371.52,NA,floating chamber- unspecified response,44.6312,-91.969007,211.125816,NA,NA,23335.8099,NA
2244,2016-02-04,2016-02-04,0.125656458,145.3110754,NA,2.718720029,25.92,NA,floating chamber- unspecified response,44.6312,-91.969007,211.125816,NA,NA,23335.8099,NA
2244,2016-04-29,2016-04-29,0.008928247,27.11003358,NA,0.200735971,161.28,NA,floating chamber- unspecified response,44.6312,-91.969007,211.125816,NA,NA,23335.8099,NA
2244,2016-07-27,2016-07-27,0.033995581,26.41794817,NA,2.1168,40.32000003,NA,floating chamber- unspecified response,44.6312,-91.969007,211.125816,NA,NA,23335.8099,NA
2246,2015-04-29,2015-04-29,0.562937657,41.91473427,NA,6.8688,92.16000003,NA,floating chamber- unspecified response,44.8702432,-93.1924432,0,NA,NA,43770.831,NA
2246,2015-07-20,2015-07-20,0.099288579,26.94180719,NA,7.67232,138.24,NA,floating chamber- unspecified response,44.8702432,-93.1924432,0,NA,NA,43770.831,NA
2246,2015-10-21,2015-10-21,0.643968488,56.6791845,NA,4.453891229,77.76,NA,floating chamber- unspecified response,44.8702432,-93.1924432,0,NA,NA,43770.831,NA
2246,2016-02-02,2016-02-02,0.701195946,169.3118937,NA,1.57248,155.52,NA,floating chamber- unspecified response,44.8702432,-93.1924432,0,NA,NA,43770.831,NA
2246,2016-04-26,2016-04-26,0.054002846,49.13042911,NA,9.504,610.56,NA,floating chamber- unspecified response,44.8702432,-93.1924432,0,NA,NA,43770.831,NA
2246,2016-07-26,2016-07-26,0.089204404,73.43870274,NA,6.880319971,835.2,NA,floating chamber- unspecified response,44.8702432,-93.1924432,0,NA,NA,43770.831,NA
2247,2015-04-30,2015-04-30,0.079060706,10.72336203,NA,0.888479971,-34.56,NA,floating chamber- unspecified response,45.1266318,-93.2968947,245.284752,NA,NA,49468.809,NA
2247,2015-07-20,2015-07-20,0.009231359,26.20727738,NA,0.833183971,195.84,NA,floating chamber- unspecified response,45.1266318,-93.2968947,245.284752,NA,NA,49468.809,NA
2247,2015-10-21,2015-10-21,0.016915688,16.52133231,NA,0.26352,-14.40000003,NA,floating chamber- unspecified response,45.1266318,-93.2968947,245.284752,NA,NA,49468.809,NA
2247,2016-02-02,2016-02-02,0.050610397,75.46613743,NA,0.308735971,187.2,NA,floating chamber- unspecified response,45.1266318,-93.2968947,245.284752,NA,NA,49468.809,NA
2247,2016-04-26,2016-04-26,0.011334348,28.28982207,NA,0.088128,23.04000003,NA,floating chamber- unspecified response,45.1266318,-93.2968947,245.284752,NA,NA,49468.809,NA
2247,2016-07-26,2016-07-26,0.027564714,48.4043025,NA,0.773567971,299.52,NA,floating chamber- unspecified response,45.1266318,-93.2968947,245.284752,NA,NA,49468.809,NA
2248,2015-01-22,2015-01-22,0.023689851,72.98400292,NA,0.253152,92.16000003,NA,floating chamber- unspecified response,44.74913428,-92.8046473,197.9676,NA,NA,19813.4235,NA
2248,2015-04-30,2015-04-30,0.049560767,25.33134601,NA,0.457632029,5.760000029,NA,floating chamber- unspecified response,44.74913428,-92.8046473,197.9676,NA,NA,19813.4235,NA
2248,2015-07-17,2015-07-17,0.040725498,33.77957695,NA,0.415584,34.56,NA,floating chamber- unspecified response,44.74913428,-92.8046473,197.9676,NA,NA,19813.4235,NA
2248,2015-10-20,2015-10-20,0.047744406,79.72569988,NA,0.453887971,201.6,NA,floating chamber- unspecified response,44.74913428,-92.8046473,197.9676,NA,NA,19813.4235,NA
2248,2016-04-29,2016-04-29,0.024149877,26.70067427,NA,1.056959971,40.32000003,NA,floating chamber- unspecified response,44.74913428,-92.8046473,197.9676,NA,NA,19813.4235,NA
2248,2016-07-27,2016-07-27,0.036526469,97.111147,NA,0.22896,218.88,NA,floating chamber- unspecified response,44.74913428,-92.8046473,197.9676,NA,NA,19813.4235,NA
2539,2010-06-19,2010-06-19,0.001775528,NA,NA,0.003491264,0.6453048,NA,floating chamber- linear response,-17.7502,145.6101,130,NA,NA,NA,NA
2589,2019-06-08,2019-06-08,0.203420103,322.7401989,NA,0.169450056,255.168858,NA,conc+k,50.5323,-63.2013,111,NA,1,1.18,WS
2589,2019-08-03,2019-08-03,1.206880906,88.49337223,NA,1.530475104,96.50965488,NA,conc+k,50.5323,-63.2013,111,NA,1,1.18,WS
2589,2019-09-05,2019-09-05,0.053086417,430.8031209,NA,0.047109576,394.7170416,NA,conc+k,50.5323,-63.2013,111,NA,1,1.18,WS
2589,2019-10-10,2019-10-10,0.526455408,373.8198942,NA,0.399800088,266.4883668,NA,conc+k,50.5323,-63.2013,111,NA,1,1.18,WS
2589,2020-06-18,2020-06-18,0.304165784,219.3503031,NA,0.282823272,188.7338154,NA,conc+k,50.5323,-63.2013,111,NA,1,1.18,WS
2589,2020-08-27,2020-08-27,0.66515818,217.6167186,NA,0.654963048,199.4402954,NA,conc+k,50.5323,-63.2013,111,NA,1,1.18,WS
2590,2019-06-08,2019-06-08,0.232778593,229.1689636,NA,0.201367272,182.6720796,NA,conc+k,50.5323,-63.2034,111,NA,1,1.18,WS
2590,2019-07-04,2019-07-04,13.84113846,298.5017508,NA,18.35764217,383.9100017,NA,conc+k,50.5323,-63.2034,111,NA,1,1.18,WS
2590,2019-08-03,2019-08-03,0.826180919,112.2098893,NA,0.893424552,104.8956265,NA,conc+k,50.5323,-63.2034,111,NA,1,1.18,WS
2590,2019-09-05,2019-09-05,0.081483364,326.1341905,NA,0.074526336,295.7879148,NA,conc+k,50.5323,-63.2034,111,NA,1,1.18,WS
2590,2019-10-10,2019-10-10,0.031697577,317.5117655,NA,0.020801664,223.3685925,NA,conc+k,50.5323,-63.2034,111,NA,1,1.18,WS
2590,2020-06-18,2020-06-18,0.186347975,235.0723683,NA,0.180512616,215.181047,NA,conc+k,50.5323,-63.2034,111,NA,1,1.18,WS
2590,2020-08-27,2020-08-27,0.502689483,222.1371002,NA,0.48628584,200.3219575,NA,conc+k,50.5323,-63.2034,111,NA,1,1.18,WS
2591,2019-06-08,2019-06-08,5.209820711,277.8718291,NA,3.816748488,187.392,NA,conc+k,50.5312,-63.2047,110,NA,1,1.18,WS
2591,2019-08-03,2019-08-03,2.846144914,180.5994678,NA,5.994759744,347.688,NA,conc+k,50.5312,-63.2047,110,NA,1,1.18,WS
2591,2019-09-05,2019-09-05,0.211406308,280.300255,NA,0.198936144,251.496,NA,conc+k,50.5312,-63.2047,110,NA,1,1.18,WS
2591,2019-10-10,2019-10-10,0.400354178,136.9467247,NA,0.303202992,85.09506108,NA,conc+k,50.5312,-63.2047,110,NA,1,1.18,WS
2591,2020-06-18,2020-06-18,0.721671206,232.1904559,NA,0.750682224,225.9894385,NA,conc+k,50.5312,-63.2047,110,NA,1,1.18,WS
2591,2020-08-27,2020-08-27,0.928860082,158.8352288,NA,0.943307448,145.7620976,NA,conc+k,50.5312,-63.2047,110,NA,1,1.18,WS
2592,2019-08-03,2019-08-03,11.12543086,1119.012214,NA,21.95645688,2191.508051,NA,conc+k,50.5296,-63.2092,109,NA,1,1.18,WS
2592,2019-09-05,2019-09-05,0.406991981,279.1129751,NA,0.781289016,508.6822649,NA,conc+k,50.5296,-63.2092,109,NA,1,1.18,WS
2592,2020-08-27,2020-08-27,8.715037524,597.4687201,NA,17.16506038,1152.972966,NA,conc+k,50.5296,-63.2092,109,NA,1,1.18,WS
2593,2019-06-08,2019-06-08,2.10142668,308.0522398,NA,6.037577448,830.352,NA,conc+k,50.5291,-63.2094,108,NA,1,1.18,WS
2593,2019-07-04,2019-07-04,7.254394276,618.8823372,NA,13.47559286,1136.316563,NA,conc+k,50.5291,-63.2094,108,NA,1,1.18,WS
2593,2019-08-03,2019-08-03,21.47756138,770.517055,NA,13.90338401,491.52,NA,conc+k,50.5291,-63.2094,108,NA,1,1.18,WS
2593,2019-09-05,2019-09-05,1.08124348,380.3080324,NA,1.66111716,562.2,NA,conc+k,50.5291,-63.2094,108,NA,1,1.18,WS
2593,2019-10-10,2019-10-10,10.37109963,729.7324209,NA,12.36250651,839.4475142,NA,conc+k,50.5291,-63.2094,108,NA,1,1.18,WS
2593,2020-06-18,2020-06-18,5.164222015,524.5947687,NA,7.945819656,785.4012617,NA,conc+k,50.5291,-63.2094,108,NA,1,1.18,WS
2593,2020-08-27,2020-08-27,7.830862001,550.264006,NA,12.07523777,828.494777,NA,conc+k,50.5291,-63.2094,108,NA,1,1.18,WS
2594,2019-06-08,2019-06-08,1.930993428,267.6453002,NA,3.69235404,478.824,NA,conc+k,50.527,-63.2102,108,NA,1,1.18,NA
2594,2019-07-04,2019-07-04,0.826030262,602.7665946,NA,2.751250392,1993.843098,NA,conc+k,50.527,-63.2102,108,NA,1,1.18,NA
2594,2019-08-03,2019-08-03,5.851051805,618.6616044,NA,16.02348523,1660.775618,NA,conc+k,50.527,-63.2102,108,NA,1,1.18,NA
2594,2019-09-05,2019-09-05,1.142228987,265.9303747,NA,3.969382128,872.664,NA,conc+k,50.527,-63.2102,108,NA,1,1.18,NA
2594,2019-10-10,2019-10-10,6.752799555,447.8884129,NA,14.39110802,903.3987826,NA,conc+k,50.527,-63.2102,108,NA,1,1.18,NA
2594,2020-06-18,2020-06-18,2.935890771,393.3069549,NA,8.776109928,1142.017098,NA,conc+k,50.527,-63.2102,108,NA,1,1.18,NA
2594,2020-08-27,2020-08-27,3.393901256,340.5712239,NA,8.910758568,854.8969241,NA,conc+k,50.527,-63.2102,108,NA,1,1.18,NA
2595,2019-07-04,2019-07-04,1.997283584,181.0809179,NA,8.834823648,748.1652084,NA,conc+k,50.523,-63.2099,108,NA,1,1.18,NA
2595,2019-08-03,2019-08-03,2.400215086,219.1479011,NA,5.82899736,499.32,NA,conc+k,50.523,-63.2099,108,NA,1,1.18,NA
2595,2019-09-05,2019-09-05,1.039802684,279.1296075,NA,5.1462108,1308.864,NA,conc+k,50.523,-63.2099,108,NA,1,1.18,NA
2595,2019-10-10,2019-10-10,2.944731643,215.9294316,NA,8.844799968,583.3491482,NA,conc+k,50.523,-63.2099,108,NA,1,1.18,NA
2595,2020-06-18,2020-06-18,1.437256193,133.3320297,NA,6.354560232,537.260076,NA,conc+k,50.523,-63.2099,108,NA,1,1.18,NA
2595,2020-08-27,2020-08-27,1.843525165,146.9626534,NA,6.493418208,461.4804982,NA,conc+k,50.523,-63.2099,108,NA,1,1.18,NA
2596,2019-06-08,2019-06-08,10.90559143,251.8112135,NA,14.20392139,306.96,NA,conc+k,50.5201,-63.2087,107,NA,1,1.18,WS
2596,2019-07-04,2019-07-04,22.10596954,288.6631511,NA,20.77428691,256.5750163,NA,conc+k,50.5201,-63.2087,107,NA,1,1.18,WS
2596,2019-08-01,2019-08-01,31.35794798,480.7012579,NA,37.30592647,562.728,NA,conc+k,50.5201,-63.2087,107,NA,1,1.18,WS
2596,2019-08-02,2019-08-02,24.50709,429.958,NA,22.69822841,384.384,NA,conc+k,50.5201,-63.2087,107,NA,1,1.18,WS
2596,2019-08-03,2019-08-03,24.8061557,395.4296871,NA,27.70711634,428.352,NA,conc+k,50.5201,-63.2087,107,NA,1,1.18,WS
2596,2019-09-05,2019-09-05,6.791492934,615.1288464,NA,3.762933792,333.72,NA,conc+k,50.5201,-63.2087,107,NA,1,1.18,WS
2596,2019-10-10,2019-10-10,22.03415676,352.1045809,NA,17.40099708,262.008,NA,conc+k,50.5201,-63.2087,107,NA,1,1.18,WS
2596,2020-06-18,2020-06-18,32.96993516,565.5780208,NA,28.47973985,475.368,NA,conc+k,50.5201,-63.2087,107,NA,1,1.18,WS
2596,2020-08-27,2020-08-27,12.90586,305.6854,NA,11.59007987,261.36,NA,conc+k,50.5201,-63.2087,107,NA,1,1.18,WS
3536,2017-03-15,2017-03-15,47.285,442.4391221,NA,65.63,624.3,NA,conc+k,-23,-43.4,1,NA,NA,NA,NA
3536,2017-06-15,2017-06-15,43.637,249.28214,NA,46.47,259.9,NA,conc+k,-23,-43.4,1,NA,NA,NA,NA
3536,2017-11-15,2017-11-15,159.178,270.755268,NA,150.27,244.3,NA,conc+k,-23,-43.4,1,NA,NA,NA,NA
3537,2017-07-25,2017-07-25,0,20.81436762,0.00894,-0.18609504,13.54368061,0.006318272,conc+k,30.9778,78.4406,2570,NA,NA,NA,NA
3539,2017-07-24,2017-07-24,0,24.61410692,0.01099,-0.135637056,22.1639609,0.008888416,conc+k,30.9939,78.9442,3052,NA,NA,NA,NA
3540,2017-07-28,2017-07-28,14.31,161.402745,0.0415,67.72818656,793.3585427,0.393981719,conc+k,28.6006,77.2608,201,NA,NA,NA,NA
3540,2018-02-18,2018-02-18,172.13,768.9541224,0.02399,604.5631679,3029.829666,0.112479514,conc+k,28.6006,77.2608,201,NA,NA,NA,NA
3540,2019-06-09,2019-06-09,68.7,339.7635888,0.01002,368.1736744,1999.027299,0.082316014,conc+k,28.6006,77.2608,201,NA,NA,NA,NA
3541,2017-07-28,2017-07-28,3.45,40.38979373,0.06528,33.15380973,289.3637156,1.507425387,conc+k,28.6108,77.2544,195,NA,NA,NA,PS
3542,2018-02-20,2018-02-20,0.03,23.25589547,0.00906,-136.2098291,23748.53593,-0.006568147,conc+k,30.1467,78.5975,460,NA,NA,NA,NA
3543,2017-07-21,2017-07-21,0.03,11.96245119,0.00848,-0.140882688,-9.7065008,0.000713929,conc+k,30.1286,78.33,345,NA,NA,NA,NA
3545,2017-07-29,2017-07-29,6.37,147.7789795,0.24507,30.15763795,716.2655708,2.819127139,conc+k,27.1761,78.0439,137,NA,NA,NA,NA
3546,2017-07-30,2017-07-30,1.68,48.91154848,0.0236,7.487598464,178.2135612,0.174448551,conc+k,26.4175,80.4281,101,NA,NA,NA,NA
3547,2017-07-30,2017-07-30,55.49,479.988858,0.03253,478.4039698,4674.003866,0.494038868,conc+k,26.4178,80.4269,100,NA,NA,NA,PS
3548,2017-07-31,2017-07-31,0.59,51.06539112,0.00679,2.41174176,190.7035359,-0.026094105,conc+k,25.4253,81.8881,68,NA,NA,NA,NA
3549,2017-08-01,2017-08-01,0.42,36.12005012,0.00813,1.58701184,104.5014824,-0.005354468,conc+k,25.3022,83.0094,67,NA,NA,NA,NA
3549,2018-02-16,2018-02-16,0.34,31.34403363,0.01932,0.910408576,59.09321018,0.073284812,conc+k,25.3022,83.0094,67,NA,NA,NA,NA
3549,2018-02-21,2018-02-21,0.02,14.66928136,0.01007,-0.18026656,-6.125982272,-0.000249875,conc+k,25.3022,83.0094,67,NA,NA,NA,NA
3550,2017-08-01,2017-08-01,142.63,796.653441,0.32572,1253.163999,8006.883767,7.005392616,conc+k,25.285,83.0036,67,NA,NA,NA,PS
3551,2017-08-03,2017-08-03,0.61,38.03424557,0.00579,2.38842784,111.7486144,-0.043478276,conc+k,25.6142,85.2022,94,NA,NA,NA,NA
3553,2017-08-05,2017-08-05,1.39,90.25900519,0.01691,5.905166144,403.3729476,0.091061644,conc+k,22.55,88.3236,21,NA,NA,NA,NA
3553,2018-02-14,2018-02-14,3.38,33.19946349,0.01113,11.52715142,63.11935763,0.004854717,conc+k,22.55,88.3236,21,NA,NA,NA,NA
3554,2017-08-05,2017-08-05,1.52,69.85062714,0.0124,6.772527232,290.0678792,0.041836239,conc+k,22.5461,88.3256,18,NA,NA,NA,PS
3554,2018-02-13,2018-02-13,234.82,656.8220144,0.00047,1663.8193,5242.393447,-0.20482623,conc+k,22.5461,88.3256,18,NA,NA,NA,PS
3555,2017-08-14,2017-08-14,0.11,32.7260478,0.00587,-0.012656128,64.31411277,-0.034161503,conc+k,24.0414,89.0281,11,NA,NA,NA,NA
3555,2018-02-02,2018-02-02,0.55,35.34505653,0.00863,1.37926816,63.72639382,-0.025308783,conc+k,24.0414,89.0281,11,NA,NA,NA,NA
3555,2019-02-06,2019-02-06,0.52,23.06322626,0.00227,1.730309184,26.02174854,0.003890913,conc+k,24.0414,89.0281,11,NA,NA,NA,NA
3556,2017-08-14,2017-08-14,0.15,32.63895768,0.00459,0.228476416,68.75716307,-0.050403387,conc+k,24.385,89.8022,12,NA,NA,NA,NA
3556,2018-02-03,2018-02-03,0.15,24.48604078,0.00903,0.134304832,28.78773699,-0.022595853,conc+k,24.385,89.8022,12,NA,NA,NA,NA
3557,2017-08-12,2017-08-12,0.09,31.1348091,0.00478,-0.184596288,62.31765021,-0.037338487,conc+k,23.4722,90.2553,31,NA,NA,NA,NA
3557,2019-02-19,2019-02-19,1.44,15.37053483,0.00173,5.239303936,-19.56133642,-0.005175985,conc+k,23.4722,90.2553,31,NA,NA,NA,NA
3558,2017-08-04,2017-08-04,0.08,41.76812694,0.00621,-0.125395584,118.1071114,-0.028949821,conc+k,23.2344,90.645,10,NA,NA,NA,NA
3558,2018-02-10,2018-02-10,0.24,32.58572445,0.01808,0.894921472,77.67003306,0.10708935,conc+k,23.2344,90.645,10,NA,NA,NA,NA
3559,2017-08-11,2017-08-11,0.06,40.70868265,0.00682,-0.352872832,229.9595144,-0.016813028,conc+k,23.6494,90.6253,5,NA,NA,NA,NA
3559,2018-02-05,2018-02-05,0.77,183.2464153,0.01288,4.680769024,1332.19644,0.03458986,conc+k,23.6494,90.6253,5,NA,NA,NA,NA
3560,2017-08-04,2017-08-04,0.08,60.26635771,0.00619,-0.223397312,406.5702436,-0.052937835,conc+k,23.5489,90.5792,8,NA,NA,NA,NA
3560,2018-02-10,2018-02-10,0.23,273.5379865,0.07226,0.727560832,1986.830705,0.980046035,conc+k,23.5489,90.5792,8,NA,NA,NA,NA
3561,2017-08-04,2017-08-04,0.06,130.4716999,0.01938,-0.278684608,991.674698,0.209538162,conc+k,23.5936,90.4744,5,NA,NA,NA,NA
3561,2018-02-10,2018-02-10,120.15,440.3988135,0.01782,827.5090225,3414.436199,0.112657996,conc+k,23.5936,90.4744,5,NA,NA,NA,NA
3561,2019-02-19,2019-02-19,118.16,476.7886335,0.15741,872.3473526,3961.764983,2.835761684,conc+k,23.5936,90.4744,5,NA,NA,NA,NA
3562,2017-08-16,2017-08-16,0.76,72.54800741,0.00922,3.888179008,487.8446086,0.018383672,conc+k,23.8231,90.2583,8,NA,NA,NA,PS
3562,2018-02-06,2018-02-06,78.2,382.9910355,1.69986,590.7753156,3222.7372,31.31596014,conc+k,23.8231,90.2583,8,NA,NA,NA,PS
3563,2017-08-16,2017-08-16,0.55,67.87510476,0.00905,3.250959616,459.4571217,0.026665248,conc+k,23.8458,90.2419,10,NA,NA,NA,PS
3563,2018-02-08,2018-02-08,43.04,340.38257,0.04372,338.303214,2971.406773,0.597665662,conc+k,23.8458,90.2419,10,NA,NA,NA,PS
3564,2018-02-13,2018-02-13,0.09,75.63611293,0.01116,0.011990016,232.5786668,-0.00049975,conc+k,22.1844,88.1892,3,NA,NA,NA,NA
3566,2019-02-05,2019-02-05,0.12,10.26937265,0.00212,0.098418048,-30.13449056,-0.004711931,conc+k,24.4617,88.62,12,NA,NA,NA,NA
3567,2019-02-05,2019-02-05,164.16,693.0781963,0.10177,1146.819052,5508.323134,1.661776837,conc+k,24.5394,88.61,12,NA,NA,NA,PS
3568,2018-02-09,2018-02-09,1.16,96.7219545,0.01,3.797920832,322.9755606,-0.007282076,conc+k,23.7692,89.7875,10,NA,NA,NA,NA
3569,2018-02-07,2018-02-07,30.16,131.0189082,0.00943,210.9416004,916.8354327,-0.067145022,conc+k,23.7881,90.2419,15,NA,NA,NA,PS
3570,2018-02-10,2018-02-10,20.54,219.5283496,0.02882,142.159708,1634.455875,0.28728503,conc+k,23.5783,90.5603,4,NA,NA,NA,NA
3571,2018-02-10,2018-02-10,23.18,283.7064864,0.105,157.9891103,2124.424216,1.546798571,conc+k,23.3464,90.6119,11,NA,NA,NA,NA
3572,2016-08-08,2016-08-08,0.01,69.28282583,NA,-0.288593024,169.7072693,NA,conc+k,32.9367,95.1283,4115,NA,NA,NA,NA
3573,2018-08-04,2018-08-04,0.07,103.1175866,0.01381,-0.030974208,376.2450784,0.06867997,conc+k,22.0333,100.7833,540,NA,NA,NA,DD
3573,2019-07-02,2019-07-02,0.03,93.2370058,0.01054,-0.165362304,309.3377916,0.063432592,conc+k,22.0333,100.7833,540,NA,NA,NA,DD
3574,2018-08-04,2018-08-04,0.15,91.30446401,0.01128,0.289009344,318.4248916,0.044370687,conc+k,21.9978,100.8444,535,NA,NA,NA,NA
3574,2019-07-02,2019-07-02,0.27,89.3648051,0.01534,0.690425088,308.468349,0.117227142,conc+k,21.9978,100.8444,535,NA,NA,NA,NA
3575,2017-04-15,2017-04-15,0.07,102.4236721,0.01789,-0.027144064,422.331411,0.095844968,conc+k,10.1525,105.6531,9,NA,NA,NA,NA
3575,2017-08-18,2017-08-18,0.17,92.45576805,0.01102,0.353622208,355.8297032,0.028949821,conc+k,10.1525,105.6531,9,NA,NA,NA,NA
3576,2017-04-15,2017-04-15,0.04,106.6304516,0.01388,-0.175936832,446.5160643,0.054972533,conc+k,10.13,105.6875,0,NA,NA,NA,NA
3576,2017-08-18,2017-08-18,0.18,73.49488486,0.00931,0.425645568,265.7506697,-0.004354967,conc+k,10.13,105.6875,0,NA,NA,NA,NA
3577,2017-04-15,2017-04-15,0.14,115.9325049,0.01683,0.296086784,492.5786666,0.087599088,conc+k,10.0197,105.8053,4,NA,NA,NA,NA
3577,2017-08-18,2017-08-18,0.11,83.84187883,0.00904,0.130641216,320.8392978,-0.002320269,conc+k,10.0197,105.8053,4,NA,NA,NA,NA
3578,2017-04-15,2017-04-15,0.97,190.1046976,0.03416,7.468114688,1693.796588,0.525273262,conc+k,9.9867,105.7136,4,NA,NA,NA,NA
3578,2017-08-18,2017-08-18,0.86,250.8190513,0.0515,5.99958752,2138.318563,0.805954448,conc+k,9.9867,105.7136,4,NA,NA,NA,NA
3579,2017-04-15,2017-04-15,0.44,168.2300769,0.0306,3.039136,1461.566631,0.457592793,conc+k,10.0083,105.7575,5,NA,NA,NA,NA
3579,2017-08-18,2017-08-18,0.23,127.4265039,0.01633,1.171857536,1010.630955,0.129578114,conc+k,10.0083,105.7575,5,NA,NA,NA,NA
3580,2017-04-15,2017-04-15,0.24,126.0353063,0.01975,1.346711936,1053.836103,0.216106308,conc+k,10.0319,105.79,4,NA,NA,NA,NA
3580,2017-08-18,2017-08-18,0.29,99.28459271,0.01103,1.663115136,750.0030196,0.034518467,conc+k,10.0319,105.79,4,NA,NA,NA,NA
3581,2017-04-15,2017-04-15,0.92,195.2564608,0.03552,6.800254144,1693.848919,0.544049594,conc+k,9.9936,105.74,2,NA,NA,NA,PS
3581,2017-08-18,2017-08-18,0.49,228.6339837,0.04119,3.117320896,1940.568436,0.609873848,conc+k,9.9936,105.74,2,NA,NA,NA,PS
3582,2017-04-15,2017-04-15,0.25,162.5966764,0.02802,1.481433088,1420.4522,0.398515168,conc+k,10.0053,105.7469,5,NA,NA,NA,PS
3582,2017-08-18,2017-08-18,0.2,148.5714698,0.01951,0.846461824,1210.527794,0.191297276,conc+k,10.0053,105.7469,5,NA,NA,NA,PS
3583,2017-04-15,2017-04-15,27.38,250.7893824,0.19785,227.3683387,2274.583845,3.933534611,conc+k,10.0428,105.7847,3,NA,NA,NA,PS
3583,2017-08-18,2017-08-18,0.27,88.97781922,0.00976,1.539051776,651.2751046,-0.013921616,conc+k,10.0428,105.7847,3,NA,NA,NA,PS
3584,2017-01-14,2017-01-14,0.3,13.20009163,NA,0.693006272,-29.15792874,NA,conc+k,11.7278,104.9719,7,NA,NA,NA,NA
3584,2017-09-01,2017-09-01,0.03,61.11814401,0.00294,-0.454538176,222.140775,-0.096380415,conc+k,11.7278,104.9719,7,NA,NA,NA,NA
3585,2017-01-13,2017-01-13,0.25,20.53185959,NA,0.334055168,-1.667736288,NA,conc+k,11.5828,104.9444,7,NA,NA,NA,NA
3585,2017-08-31,2017-08-31,0.01,60.0130218,0.00478,-0.52914272,217.8217464,-0.076354707,conc+k,11.5828,104.9444,7,NA,NA,NA,NA
3586,2017-01-14,2017-01-14,2.18,106.1537409,NA,8.967283008,438.0590231,NA,conc+k,11.5297,104.9333,7,NA,NA,NA,NA
3586,2017-08-31,2017-08-31,0.1,55.66010593,0.00413,-0.133805248,196.8549553,-0.08235171,conc+k,11.5297,104.9333,7,NA,NA,NA,NA
3587,2017-01-13,2017-01-13,0.53,68.26581725,NA,1.396004224,201.6008784,NA,conc+k,11.5506,104.9686,8,NA,NA,NA,NA
3587,2017-08-31,2017-08-31,0.03,57.4421119,0.00413,-0.43630336,206.1485083,-0.0834583,conc+k,11.5506,104.9686,8,NA,NA,NA,NA
3588,2017-01-15,2017-01-15,0.95,113.494859,NA,7.038056128,926.3671624,NA,conc+k,11.6747,104.8572,7,NA,NA,NA,NA
3588,2017-09-01,2017-09-01,0.41,121.5811737,0.004,2.47627136,1062.223453,-0.169808013,conc+k,11.6747,104.8572,7,NA,NA,NA,NA
3589,2017-08-31,2017-08-31,0.2,55.84903917,0.00351,0.54079968,381.0456644,-0.177018696,conc+k,11.5906,104.9214,7,NA,NA,NA,NA
3590,2017-01-13,2017-01-13,0.88,133.0265254,NA,5.090927488,987.6336879,NA,conc+k,11.5672,104.935,8,NA,NA,NA,NA
3590,2017-08-31,2017-08-31,0.2,56.35676728,0.00355,0.54079968,383.0531594,-0.173698926,conc+k,11.5672,104.935,8,NA,NA,NA,NA
3591,2017-01-15,2017-01-15,4.6,53.34380091,NA,37.3406567,337.7680347,NA,conc+k,11.6597,104.8611,14,NA,NA,NA,PS
3591,2017-09-01,2017-09-01,5.91,31.63528481,NA,51.83633626,150.8823613,NA,conc+k,11.6597,104.8611,14,NA,NA,NA,PS
3592,2017-01-15,2017-01-15,395.91,1034.081563,NA,3335.039353,9971.627489,NA,conc+k,11.6381,104.8828,10,NA,NA,NA,PS
3592,2017-09-01,2017-09-01,455.75,790.1226296,0.00694,4057.472955,8029.526788,-0.106946564,conc+k,11.6381,104.8828,10,NA,NA,NA,PS
3593,2019-07-03,2019-07-03,0.11,45.74897068,0.00218,0.142964288,136.5179475,-0.007674737,conc+k,20.2542,100.1781,373,NA,NA,NA,NA
3594,2019-07-03,2019-07-03,0.15,38.60490654,0.00439,0.651624064,249.1995766,0.077389904,conc+k,20.2272,100.1292,368,NA,NA,NA,NA
3595,2017-01-16,2017-01-16,178.58,632.0748764,NA,1499.328853,6030.878423,NA,conc+k,11.5786,104.9244,10,NA,NA,NA,PS
3596,2017-01-15,2017-01-15,15.03,523.4395229,NA,128.3102403,5063.848745,NA,conc+k,11.5775,104.9256,12,NA,NA,NA,PS
3598,2017-08-13,2017-08-13,0.08,63.71933371,NA,-0.179517184,130.6558288,NA,conc+k,36.0403,101.3978,2192,NA,NA,NA,NA
3600,2017-08-14,2017-08-14,0.28,94.20104369,0.03581,0.750958016,343.993226,0.178803518,conc+k,40.2633,111.0611,987,NA,NA,NA,NA
3600,2018-05-21,2018-05-21,0.19,50.76968725,0.0076,0.339051008,130.2277686,0.024344979,conc+k,40.2633,111.0611,987,NA,NA,NA,NA
3601,2017-09-29,2017-09-29,0.23,118.1809701,0.03587,0.788593344,662.3195746,0.245341701,conc+k,40.2631,111.0728,992,NA,NA,NA,NA
3601,2018-05-21,2018-05-21,3.75,178.428696,0.14377,22.38003098,1172.811825,2.00674733,conc+k,40.2631,111.0728,992,NA,NA,NA,NA
3602,2018-08-01,2018-08-01,0.06,40.43298474,0.00373,-0.105995072,91.10051626,-0.026558159,conc+k,35.6597,110.5964,478,NA,NA,NA,NA
3605,2018-05-18,2018-05-18,0.13,65.83416593,0.01583,0.12406336,166.4645112,0.06425361,conc+k,34.9053,113.6778,87,NA,NA,NA,NA
3606,2018-05-20,2018-05-20,0.06,52.15700339,0.00786,-0.082930944,146.0272791,0.029628054,conc+k,36.7239,116.9839,20,NA,NA,NA,NA
3647,2004-11-27,2004-11-27,223.8053056,259.200832,NA,890.6583552,915.8373888,NA,floating chamber- unspecified response,-1.9307,-59.482,41,NA,NA,70600,DD
3647,2004-12-23,2004-12-23,77.9600832,206.7778176,NA,257.9851776,723.397632,NA,floating chamber- unspecified response,-1.9307,-59.482,41,NA,NA,70600,DD
3647,2005-01-23,2005-01-23,90.5246208,239.425632,NA,186.2449152,348.5097984,NA,floating chamber- unspecified response,-1.9307,-59.482,41,NA,NA,70600,DD
3647,2005-04-17,2005-04-17,5.2206528,145.212416,NA,5.7951744,-3.3971712,NA,floating chamber- unspecified response,-1.9307,-59.482,41,NA,NA,70600,DD
3647,2005-05-31,2005-05-31,0.6744384,136.8110784,NA,0.1998336,211.2241152,NA,floating chamber- unspecified response,-1.9307,-59.482,41,NA,NA,70600,DD
3647,2005-07-07,2005-07-07,19.35888,154.8044288,NA,63.7469184,498.1851648,NA,floating chamber- unspecified response,-1.9307,-59.482,41,NA,NA,70600,DD
3647,2005-11-13,2005-11-13,43.1140992,148.709504,NA,387.4773504,829.7091072,NA,floating chamber- unspecified response,-1.9307,-59.482,41,NA,NA,70600,DD
3648,2004-11-30,2004-11-30,217.3356928,296.5280832,NA,1298.9184,1005.762509,NA,floating chamber- unspecified response,-1.939,-59.483,41,NA,NA,70600,DD
3648,2005-03-03,2005-03-03,21.2572992,202.7644928,NA,58.3514112,500.9828352,NA,floating chamber- unspecified response,-1.939,-59.483,41,NA,NA,70600,DD
3648,2005-04-17,2005-04-17,5.6369728,152.0567168,NA,15.986688,344.1134592,NA,floating chamber- unspecified response,-1.939,-59.483,41,NA,NA,70600,DD
3648,2005-05-31,2005-05-31,1.1490432,103.3556032,NA,2.1981696,74.5379328,NA,floating chamber- unspecified response,-1.939,-59.483,41,NA,NA,70600,DD
3648,2005-07-07,2005-07-07,14.0050048,168.859392,NA,36.969216,507.1776768,NA,floating chamber- unspecified response,-1.939,-59.483,41,NA,NA,70600,DD
3649,2004-11-30,2004-11-30,189.1008704,265.7453824,NA,414.4548864,807.327744,NA,floating chamber- unspecified response,-1.9535,-59.473,41,NA,NA,70600,DD
3651,2005-03-03,2005-03-03,18.1598784,204.0301056,NA,61.1490816,351.9069696,NA,floating chamber- unspecified response,-2.006,-59.462,41,NA,NA,70600,NA
3651,2005-04-17,2005-04-17,3.2806016,132.9476288,NA,3.3971712,184.4464128,NA,floating chamber- unspecified response,-2.006,-59.462,41,NA,NA,70600,NA
3651,2005-05-31,2005-05-31,0.915904,97.5521024,NA,3.5970048,245.795328,NA,floating chamber- unspecified response,-2.006,-59.462,41,NA,NA,70600,NA
3652,2004-12-23,2004-12-23,36.4613056,208.118368,NA,71.1407616,469.0094592,NA,floating chamber- unspecified response,-2.022,-59.458,41,NA,NA,70600,NA
3653,2005-03-03,2005-03-03,9.242304,168.4097664,NA,15.7868544,270.9743616,NA,floating chamber- unspecified response,-2.054,-59.397,41,NA,NA,70600,NA
3653,2005-04-17,2005-04-17,1.9400512,137.260704,NA,0.5995008,22.3813632,NA,floating chamber- unspecified response,-2.054,-59.397,41,NA,NA,70600,NA
3653,2005-05-31,2005-05-31,0.4412992,98.5929024,NA,3.1973376,456.4199424,NA,floating chamber- unspecified response,-2.054,-59.397,41,NA,NA,70600,NA
3654,2004-11-29,2004-11-29,74.5878912,136.0700288,NA,803.5309056,602.0986368,NA,floating chamber- unspecified response,-2.085,-59.353,41,NA,NA,70600,NA
3654,2004-12-26,2004-12-26,11.4571264,151.9068416,NA,100.7161344,837.5026176,NA,floating chamber- unspecified response,-2.085,-59.353,41,NA,NA,70600,NA
3654,2005-01-23,2005-01-23,19.0841088,151.3156672,NA,116.902656,516.3700224,NA,floating chamber- unspecified response,-2.085,-59.353,41,NA,NA,70600,NA
3654,2005-03-04,2005-03-04,5.0874304,132.2065792,NA,5.5953408,428.0435712,NA,floating chamber- unspecified response,-2.085,-59.353,41,NA,NA,70600,NA
3654,2005-04-17,2005-04-17,1.1573696,132.2065792,NA,0.999168,214.82112,NA,floating chamber- unspecified response,-2.085,-59.353,41,NA,NA,70600,NA
3654,2005-05-31,2005-05-31,0.4079936,92.9476032,NA,1.3988352,239.80032,NA,floating chamber- unspecified response,-2.085,-59.353,41,NA,NA,70600,NA
3654,2005-08-14,2005-08-14,53.8801344,227.9685056,NA,211.6237824,751.374336,NA,floating chamber- unspecified response,-2.085,-59.353,41,NA,NA,70600,NA
3654,2005-11-13,2005-11-13,26.2448128,133.0225664,NA,53.7552384,481.598976,NA,floating chamber- unspecified response,-2.085,-59.353,41,NA,NA,70600,NA
3664,2018-07-15,2018-07-15,0.16,38.96433522,NA,0.016,64.3,NA,conc+k,38.384039,110.744225,784,NA,3,8706,NA
3664,2018-10-15,2018-10-15,0.172,28.82423236,NA,0.0942,191.8,NA,conc+k,38.384039,110.744225,784,NA,3,8706,NA
3664,2019-03-15,2019-03-15,0.116,53.28038676,NA,0.0241,12.1,NA,conc+k,38.384039,110.744225,784,NA,3,8706,NA
3664,2019-06-15,2019-06-15,0.12,30.08526207,NA,-0.0306,18,NA,conc+k,38.384039,110.744225,784,NA,3,8706,NA
3665,2018-08-11,2018-08-11,0.030348824,26.66944444,NA,0.057793557,50.7868801,NA,floating chamber- linear response,35.06829,-83.43224,819,NA,1,0.08,NA
3665,2019-06-26,2019-06-26,0.0077825,65.65,NA,0.028698943,141.3645389,NA,floating chamber- linear response,35.06829,-83.43224,819,NA,1,0.08,NA
3665,2019-07-24,2019-07-24,0.00720225,23.98888889,NA,0.039779467,132.4954292,NA,floating chamber- linear response,35.06829,-83.43224,819,NA,1,0.08,NA
3665,2019-08-19,2019-08-19,0.005402727,29.92222222,NA,0.038277824,177.8312685,NA,floating chamber- linear response,35.06829,-83.43224,819,NA,1,0.08,NA
3666,2018-08-11,2018-08-11,0.16284,60.164,NA,0.287898372,109.0877527,NA,floating chamber- linear response,35.0578,-83.42696,713,NA,1,0.07,NA
3666,2019-06-26,2019-06-26,0.011093444,33.03333333,NA,0.051531066,120.277716,NA,floating chamber- linear response,35.0578,-83.42696,713,NA,1,0.07,NA
3666,2019-07-24,2019-07-24,0.018241429,32.456,NA,0.124079628,180.8248747,NA,floating chamber- linear response,35.0578,-83.42696,713,NA,1,0.07,NA
3666,2019-08-19,2019-08-19,0.017636429,46.24666667,NA,0.043756041,167.8260021,NA,floating chamber- linear response,35.0578,-83.42696,713,NA,1,0.07,NA
3667,2018-08-11,2018-08-11,5.267169565,254.6608696,NA,10.03032177,484.9531484,NA,floating chamber- linear response,35.0583,-83.4283,702,NA,1,0.19,NA
3667,2019-06-26,2019-06-26,0.159683333,32.1,NA,0.605485468,121.7164191,NA,floating chamber- linear response,35.0583,-83.4283,702,NA,1,0.19,NA
3667,2019-07-24,2019-07-24,0.168983333,48.35,NA,0.640749103,183.3329864,NA,floating chamber- linear response,35.0583,-83.4283,702,NA,1,0.19,NA
3667,2019-08-19,2019-08-19,0.081033333,32.43333333,NA,0.307261282,122.9803487,NA,floating chamber- linear response,35.0583,-83.4283,702,NA,1,0.19,NA
3668,2019-06-26,2019-06-26,0.0122675,23.55,NA,0.072952812,140.0479911,NA,floating chamber- linear response,35.05866,-83.42968,685,NA,2,7.28,NA
3668,2019-07-24,2019-07-24,0.009794,24.68333333,NA,0.058243313,146.7877387,NA,floating chamber- linear response,35.05866,-83.42968,685,NA,2,7.28,NA
3668,2019-08-19,2019-08-19,0.01061,10.75333333,NA,0.063095931,63.9483113,NA,floating chamber- linear response,35.05866,-83.42968,685,NA,2,7.28,NA
3669,2018-05-05,2018-05-05,0.003329239,56.17059627,NA,0.749376,65.26258558,NA,conc+k,57.249,84.182,58,NA,NA,260000,NA
3669,2018-05-08,2018-05-08,0.004076889,50.58283334,NA,0.999168,41.19129212,NA,conc+k,57.249,84.182,58,NA,NA,260000,NA
3669,2018-05-09,2018-05-09,0.003675575,48.73432234,NA,0.999168,32.74180954,NA,conc+k,57.249,84.182,58,NA,NA,260000,NA
3669,2018-05-10,2018-05-10,0.003539443,51.3327766,NA,3.247296,40.32062717,NA,conc+k,57.249,84.182,58,NA,NA,260000,NA
3669,2018-05-12,2018-05-12,0.003079829,48.5964035,NA,0.582848,37.84409681,NA,conc+k,57.249,84.182,58,NA,NA,260000,NA
3669,2018-05-13,2018-05-13,0.002932406,47.97490781,NA,0.41632,41.38614884,NA,conc+k,57.249,84.182,58,NA,NA,260000,NA
3669,2018-05-14,2018-05-14,0.003286864,63.65446695,NA,1.66528,71.37530175,NA,conc+k,57.249,84.182,58,NA,NA,260000,NA
3669,2018-09-08,2018-09-08,0.001643029,12.71643708,NA,7.826816,-9.598795528,NA,conc+k,57.249,84.182,58,NA,NA,260000,NA
3670,2018-02-15,2020-03-15,0.135,70.2,NA,1.43880192,489.1926528,NA,conc+k,55.86806,-4.2875,15,NA,NA,331,NA
3758,2019-07-22,2019-07-22,0.284959384,45.27565096,0.01102038,0.186755231,17.65809237,0.001010394,floating chamber- linear response,60.3731,9.7268,510,NA,NA,NA,NA
3758,2019-09-25,2019-09-25,0.166523293,70.08850716,0.013960304,0.081151209,11.07731088,0.000547665,floating chamber- linear response,60.3731,9.7268,510,NA,NA,NA,NA
3758,2019-10-15,2019-10-15,0.153384655,87.49502498,0.014640579,0.32488054,45.26458356,-0.000238505,floating chamber- linear response,60.3731,9.7268,510,NA,NA,NA,NA
3770,2018-05-05,2018-05-05,0.008045781,7.198675845,NA,0.999168,-99.167424,NA,conc+k,57.247,84.23,65,NA,NA,260000,FP
3770,2018-05-06,2018-05-06,0.029876839,12.47653302,NA,8.076608,-120.816064,NA,conc+k,57.247,84.23,65,NA,NA,260000,FP
3770,2018-05-07,2018-05-07,0.001609709,9.736436207,NA,0.249792,-98.66784,NA,conc+k,57.247,84.23,65,NA,NA,260000,FP
3770,2018-05-09,2018-05-09,0.014648389,12.83872517,NA,5.661952,-122.148288,NA,conc+k,57.247,84.23,65,NA,NA,260000,FP
3770,2018-05-10,2018-05-10,0.016581869,11.91484661,NA,6.577856,-141.13248,NA,conc+k,57.247,84.23,65,NA,NA,260000,FP
3770,2018-05-11,2018-05-11,0.00851097,8.540744524,NA,2.581184,-153.039232,NA,conc+k,57.247,84.23,65,NA,NA,260000,FP
3770,2018-05-12,2018-05-12,0.007548497,9.503233192,NA,2.49792,-172.523008,NA,conc+k,57.247,84.23,65,NA,NA,260000,FP
3770,2018-05-13,2018-05-13,0.00797613,10.15811092,NA,1.082432,-90.34144,NA,conc+k,57.247,84.23,65,NA,NA,260000,FP
3770,2018-05-14,2018-05-14,0.01189869,15.28762963,NA,1.748544,-45.045824,NA,conc+k,57.247,84.23,65,NA,NA,260000,FP
3771,2018-05-05,2018-05-05,0.001480932,9.356832353,NA,0.249792,-67.194048,NA,conc+k,57.248,84.227,65,NA,NA,260000,FP
3771,2018-05-06,2018-05-06,0.002328065,11.92485172,NA,0.166528,-104.163264,NA,conc+k,57.248,84.227,65,NA,NA,260000,FP
3771,2018-05-07,2018-05-07,0.001430045,10.13336464,NA,0.41632,-93.422208,NA,conc+k,57.248,84.227,65,NA,NA,260000,FP
3771,2018-05-08,2018-05-08,0.019146165,11.08080985,NA,7.660288,-112.82272,NA,conc+k,57.248,84.227,65,NA,NA,260000,FP
3771,2018-05-09,2018-05-09,0.01830457,11.2469212,NA,5.578688,-88.093312,NA,conc+k,57.248,84.227,65,NA,NA,260000,FP
3771,2018-05-10,2018-05-10,0.01711445,10.77918673,NA,5.495424,-88.176576,NA,conc+k,57.248,84.227,65,NA,NA,260000,FP
3771,2018-05-11,2018-05-11,0.005543471,8.589715181,NA,0.915904,-77.768576,NA,conc+k,57.248,84.227,65,NA,NA,260000,FP
3771,2018-05-12,2018-05-12,0.006355886,10.84144958,NA,1.082432,-61.19904,NA,conc+k,57.248,84.227,65,NA,NA,260000,FP
3771,2018-05-13,2018-05-13,0.011290074,14.15102687,NA,2.414656,-60.699456,NA,conc+k,57.248,84.227,65,NA,NA,260000,FP
3771,2018-05-14,2018-05-14,0.009518988,15.15891498,NA,3.164032,-77.935104,NA,conc+k,57.248,84.227,65,NA,NA,260000,FP
3771,2018-06-09,2018-06-09,0.007870882,116.3196489,NA,1.165696,486.095232,NA,conc+k,57.248,84.227,65,NA,NA,260000,FP
3772,2018-05-11,2018-05-11,0.003923987,53.8477579,NA,0.249792,88.010048,NA,conc+k,57.239,84.239,65,NA,NA,260000,FP
3772,2018-05-12,2018-05-12,0.003161882,45.19404922,NA,0.083264,31.557056,NA,conc+k,57.239,84.239,65,NA,NA,260000,FP
3772,2018-05-13,2018-05-13,0.011613447,72.99273566,NA,1.831808,120.899328,NA,conc+k,57.239,84.239,65,NA,NA,260000,FP
3772,2018-05-14,2018-05-14,0.019970377,115.7189728,NA,8.909248,544.879616,NA,conc+k,57.239,84.239,65,NA,NA,260000,FP
3772,2018-06-09,2018-06-09,0.029943574,161.9990977,NA,8.492928,730.391808,NA,conc+k,57.239,84.239,65,NA,NA,260000,FP
3772,2018-06-24,2018-06-24,0.021920622,369.3188833,NA,5.495424,1128.726784,NA,conc+k,57.239,84.239,65,NA,NA,260000,FP
3772,2018-09-08,2018-09-08,0.001760085,187.9207251,NA,0,128.726144,NA,conc+k,57.239,84.239,65,NA,NA,260000,FP
3772,2018-10-18,2018-10-18,0.036204792,69.19501997,NA,5.82848,61.698624,NA,conc+k,57.239,84.239,65,NA,NA,260000,FP
3773,2018-05-11,2018-05-11,0.012080746,181.7452431,NA,0.41632,125.72864,NA,conc+k,57.238,84.24,65,NA,NA,260000,FP
3773,2018-05-12,2018-05-12,0.004925503,102.1229142,NA,0.166528,106.411392,NA,conc+k,57.238,84.24,65,NA,NA,260000,FP
3773,2018-05-13,2018-05-13,0.007782054,110.2421523,NA,0.83264,203.663744,NA,conc+k,57.238,84.24,65,NA,NA,260000,FP
3773,2018-05-14,2018-05-14,0.005656215,194.7345178,NA,0.249792,214.155008,NA,conc+k,57.238,84.24,65,NA,NA,260000,FP
3773,2018-06-09,2018-06-09,0.024288095,547.0014292,NA,2.331392,309.575552,NA,conc+k,57.238,84.24,65,NA,NA,260000,FP
3773,2018-07-27,2018-07-27,0.088541683,1156.987764,NA,10.491264,623.564096,NA,conc+k,57.238,84.24,65,NA,NA,260000,FP
4433,2017-05-16,2017-05-16,0.067046171,115.6244263,NA,3.938440655,1520.126662,NA,conc+k,60.77824,-116.5778,238,0.007580364,4,0.413845,NA
4434,2017-05-16,2017-05-16,0.028423332,115.4414837,NA,0.79135213,813.5669287,NA,conc+k,60.94296,-117.12143,215,0.011362506,3,38.08,NA
4435,2017-05-16,2017-05-16,0.009107999,90.4260194,NA,0.36773887,4620.535383,NA,conc+k,60.87207,-116.73608,221,0.021977939,4,169.25,NA
4436,2017-05-17,2017-05-17,0.068873566,58.45445773,NA,1.989344154,339.2580272,NA,conc+k,61.13645,-119.0146,240,0.007170762,5,721.31,NA
4437,2017-05-17,2017-05-17,0.185266563,187.2447942,NA,0.153543895,636.5430977,NA,conc+k,61.0774,-118.32116,229,0.000853364,4,213.74,NA
4438,2017-05-17,2017-05-17,0.023109174,108.254829,NA,0.152686109,576.9223329,NA,conc+k,61.14074,-117.51698,118,0.007206033,3,23.4,NA
4440,2017-05-18,2017-05-18,0.06688389,226.5144512,NA,0.186904616,60.871138,NA,conc+k,61.22416,-120.38036,283,0.003803123,3,38.61,NA
4441,2017-05-18,2017-05-18,1.286599491,340.4150492,NA,85.33561456,374.9405638,NA,conc+k,61.29248,-120.62289,234,0.015806048,3,26.89,NA
4442,2017-05-18,2017-05-18,0.073870156,157.9732467,NA,1.278024548,8657.734805,NA,conc+k,61.20702,-120.25555,277,0.008877308,3,17.06,NA
4443,2017-05-19,2017-05-19,0.832958402,151.4804753,NA,0.733935191,979.0602985,NA,conc+k,61.14084,-119.20897,247,0.00172262,3,23.12,NA
4444,2017-05-19,2017-05-19,0.247888169,202.2837261,NA,0.461720279,227.9111699,NA,conc+k,61.39813,-117.44633,152,0.001518911,5,1176.9,NA
4445,2017-05-19,2017-05-19,0.250491584,208.8936264,NA,10.6320078,503.4908024,NA,conc+k,61.16124,-119.93717,274,0.004945092,4,335.14,NA
4446,2017-05-19,2017-05-19,0.261213573,184.1854752,NA,1.304312408,4786.04314,NA,conc+k,61.15529,-119.89563,255,0.006785413,2,7.49,NA
4447,2017-05-20,2017-05-20,0.103169841,149.9431927,NA,2.21e-05,522.8136262,NA,conc+k,61.66669,-117.07566,170,1.88E-06,4,398.64,NA
4448,2017-05-20,2017-05-20,0.003846797,196.3585622,NA,0,81.47419565,NA,conc+k,62.63417,-116.26827,221,0.005550736,1,2.51,NA
4449,2017-05-20,2017-05-20,0.475201553,79.0805273,NA,14.02519782,668.9287547,NA,conc+k,62.53463,-114.96991,152,0.004231144,5,718.77,NA
4450,2017-05-20,2017-05-20,0.056500619,54.97915176,NA,0.045580878,4653.682322,NA,conc+k,62.69553,-116.15644,179,0.001335936,5,536.22,NA
4451,2017-05-21,2017-05-21,1.393380659,216.5383408,NA,2.248426585,159.9673525,NA,conc+k,62.47684,-114.69764,121,0.002413533,3,60.26,NA
4452,2017-05-21,2017-05-21,0.160997106,168.8591845,NA,0.001806829,1188.45756,NA,conc+k,62.53847,-114.13987,172,6.77E-05,1,3.51,NA
4453,2017-05-21,2017-05-21,0.004096589,47.59372014,NA,0.035695527,814.4952961,NA,conc+k,62.50918,-114.3634,167,0.009535897,4,161.97,NA
4454,2017-05-22,2017-05-22,0.038086203,238.6958546,NA,0.000567028,1782.041752,NA,conc+k,62.55626,-114.0117,108,0.000120946,1,0.68,NA
4455,2017-05-22,2017-05-22,2.368532823,249.2034121,NA,0.020420329,695.8202431,NA,conc+k,62.51618,-113.7635,272,8.46E-05,1,2.04,NA
4456,2017-06-05,2017-06-05,0.043341077,19.92052474,NA,0.005004166,722.5272647,NA,conc+k,63.19639,-118.1613,265,0.000411503,4,771.16,NA
4457,2017-06-05,2017-06-05,0.450680222,42.76951089,NA,0.691676046,1.22998651,NA,conc+k,63.10786,-117.83932,267,0.001770421,5,625.2,NA
4458,2017-06-05,2017-06-05,0.138480022,72.76227504,NA,0.370059687,56.67312704,NA,conc+k,63.24146,-118.24403,264,0.00233611,2,15.27,NA
4459,2017-06-06,2017-06-06,0.89367093,270.14064,NA,0.043519345,517.6269359,NA,conc+k,63.37188,-117.54081,263,0.000200684,4,58.05,NA
4460,2017-06-06,2017-06-06,0.058792544,68.7965641,NA,0.034283952,855.4397149,NA,conc+k,63.3865,-117.60023,234,0.001337702,3,63.94,NA
4461,2017-06-08,2017-06-08,0.247503239,61.52337768,NA,0.11641781,130.656924,NA,conc+k,63.43615,-117.8639,265.48,0.00094754,3,26.11,NA
4462,2017-06-08,2017-06-08,0.850829354,60.08304128,NA,0.635788001,164.4258118,NA,conc+k,63.53545,-117.9755,265.79,0.001256915,4,154.14,NA
4464,2017-06-08,2017-06-08,0.758343783,65.5469263,NA,6.297825596,201.319077,NA,conc+k,63.39423333,-117.7308,264.87,0.006821781,3,52.84,NA
4465,2017-06-12,2017-06-12,0.977416029,112.2899466,NA,0.001007494,115.6115969,NA,conc+k,64.14995,-114.3238,359.36,8.24E-06,2,9.87,NA
4466,2017-06-12,2017-06-12,0.336804878,37.09456879,NA,9.20226942,302.166615,NA,conc+k,64.20046667,-114.2435,368.5,0.005261777,5,367.52,NA
4467,2017-06-12,2017-06-12,0.119473349,142.5356945,NA,0.000190675,466.4061358,NA,conc+k,64.18971667,-114.2947,358.75,1.51E-05,1,1.79,NA
4468,2017-06-13,2017-06-13,0.499598821,96.13289974,NA,0.380045039,1066.109412,NA,conc+k,64.13843333,-114.1836,342.9,0.001431252,2,14.56,NA
4469,2017-06-13,2017-06-13,0.003763533,76.19389606,NA,0,598.3772763,NA,conc+k,64.14371667,-114.1339,352.35,2.90E-06,1,0.29,NA
4470,2017-06-13,2017-06-13,0.579802786,101.2879353,NA,0.026084197,1161.019044,NA,conc+k,64.14385,-114.0575,348.08,0.000204797,2,18.45,NA
4471,2017-06-13,2017-06-13,0.310661065,151.5545753,NA,0.000691091,210.3834638,NA,conc+k,64.142,-114.2148,362.71,2.13E-05,1,1.62,NA
4472,2017-06-14,2017-06-14,0.037047984,117.7486851,NA,0.003980019,638.1448871,NA,conc+k,64.13557,-114.307,340.46,0.00050104,2,4.28,NA
4473,2017-06-14,2017-06-14,0.754853106,39.96146504,NA,0.115330632,516.2001994,NA,conc+k,64.0715,-114.1908,357.23,0.000481461,3,24.18,NA
4474,2017-06-14,2017-06-14,1.154462271,109.7562923,NA,0.028411592,772.9047756,NA,conc+k,64.14875,-114.2673,359.36,0.000142213,1,2.8,NA
4475,2017-06-18,2017-06-18,0.027121583,166.4249964,NA,0.000376353,165.5519936,NA,conc+k,64.13828,-117.19495,222,0.000113253,1,1.43,NA
4476,2017-06-18,2017-06-18,0.322511947,159.6469187,NA,0.036076043,542.4977199,NA,conc+k,64.15199,-117.19625,211,0.000575325,1,2.1,NA
4477,2017-06-18,2017-06-18,0.004013325,136.4077622,NA,0,1729.5211,NA,conc+k,64.18821,-117.1144,205,0.001250654,2,3.53,NA
4478,2017-06-18,2017-06-18,0.249236629,30.95361065,NA,0.007202336,1402.17261,NA,conc+k,64.20444,-117.11154,246,0.000110429,5,499.39,NA
4479,2017-06-19,2017-06-19,0.003713574,54.26273881,NA,0,1286.683632,NA,conc+k,64.09111,-117.45992,215,0.002069704,4,97.05,NA
4480,2017-06-19,2017-06-19,0.225491402,207.7393229,NA,0.000720234,115.7727309,NA,conc+k,64.11636,-117.21317,210,2.22E-05,1,4.25,NA
4481,2017-06-19,2017-06-19,0.047177049,36.80721881,NA,0.059897041,203.3333795,NA,conc+k,64.12181,-117.68497,217,0.001660551,4,163.36,NA
4482,2017-06-19,2017-06-19,0.014584356,275.6728919,NA,4.95e-05,2319.407641,NA,conc+k,64.15752,-117.3224,214,3.88E-05,1,3.04,NA
7303,2011-03-18,2011-03-18,0.24,24.17825425,NA,0.22,-8.07,NA,floating chamber- unspecified response,8.6193,77.412,146,NA,NA,NA,NA
7304,2011-02-26,2011-02-26,0.05,NA,NA,0.08,4.43,NA,floating chamber- unspecified response,11.4713,76.8213,1576,NA,NA,NA,NA
7305,2011-02-11,2011-02-11,0.3,NA,NA,0.08,3.32,NA,floating chamber- unspecified response,12.1191,77.7742,251,NA,NA,NA,NA
7330,2011-02-18,2011-02-18,0.64,NA,NA,0.09,11.96,NA,floating chamber- unspecified response,10.969,76.8213,401,NA,NA,NA,NA
7332,2011-03-06,2011-03-06,0.78,NA,NA,0.1,8.14,NA,floating chamber- unspecified response,10.1322,76.6865,46,NA,NA,NA,NA
7333,2011-03-12,2011-03-12,1.47,NA,NA,0.37,130.22,NA,floating chamber- unspecified response,8.15973,77.4575,22,NA,NA,NA,NA
7334,2011-03-19,2011-03-19,0.7,29.79924627,NA,0.86,11.53,NA,floating chamber- unspecified response,8.71668,77.7032,35,NA,NA,NA,NA
7335,2011-03-24,2011-03-24,0.86,18.88348872,NA,0.38,-2.73,NA,floating chamber- unspecified response,10.8201,79.1328,43,NA,NA,NA,NA
7336,2011-04-01,2011-04-01,1.49,NA,NA,0.27,41.78,NA,floating chamber- unspecified response,13.6154,79.9582,27,NA,NA,NA,NA
7398,2011-05-27,2011-05-27,0.286,152.3,NA,3.1,1081.728,NA,suspended/tethered chamber- linear response,65.3419,-146.899,566,0.0156,1,6.37,NA
7398,2011-06-22,2011-06-22,0.453,169.9,NA,6.41,1351.285,NA,suspended/tethered chamber- linear response,65.3419,-146.899,566,0.0156,1,6.37,NA
7398,2011-07-27,2011-07-27,0.327,147.6,NA,7.29,1316.515,NA,suspended/tethered chamber- linear response,65.3419,-146.899,566,0.0156,1,6.37,NA
7399,2011-05-15,2011-05-15,0.112,104.3,NA,0.43,240.032,NA,suspended/tethered chamber- linear response,65.3643,-147.042,504,0.012,NA,362,NA
7399,2011-05-24,2011-05-24,0.235,108.3,NA,1.1,276.2344,NA,suspended/tethered chamber- linear response,65.3643,-147.042,504,0.012,NA,362,NA
7399,2011-06-06,2011-06-06,0.198,73.8,NA,0.53,240.577,NA,suspended/tethered chamber- linear response,65.3643,-147.042,504,0.012,NA,362,NA
7399,2011-06-22,2011-06-22,0.201,101.5,NA,0.45,207.3051,NA,suspended/tethered chamber- linear response,65.3643,-147.042,504,0.012,NA,362,NA
7399,2011-07-05,2011-07-05,0.186,100.9,NA,0.1,153.5405,NA,suspended/tethered chamber- linear response,65.3643,-147.042,504,0.012,NA,362,NA
7399,2011-07-19,2011-07-19,0.244,69.4,NA,0.47,166.3402,NA,suspended/tethered chamber- linear response,65.3643,-147.042,504,0.012,NA,362,NA
7399,2011-07-26,2011-07-26,0.174,50.5,NA,0.72,166.5588,NA,suspended/tethered chamber- linear response,65.3643,-147.042,504,0.012,NA,362,NA
7399,2011-08-09,2011-08-09,0.241,77.2,NA,0.43,40.30837,NA,suspended/tethered chamber- linear response,65.3643,-147.042,504,0.012,NA,362,NA
7400,2011-06-06,2011-06-06,0.17,65.6,NA,0.09,192.4353,NA,suspended/tethered chamber- linear response,65.3404,-146.713,657,0.015,NA,193.2,NA
7400,2011-06-22,2011-06-22,0.195,65.9,NA,0,366.5558,NA,suspended/tethered chamber- linear response,65.3404,-146.713,657,0.015,NA,193.2,NA
7400,2011-07-05,2011-07-05,0.184,74,NA,0,240.0183,NA,suspended/tethered chamber- linear response,65.3404,-146.713,657,0.015,NA,193.2,NA
7400,2011-07-19,2011-07-19,0.156,74.5,NA,0,248.3831,NA,suspended/tethered chamber- linear response,65.3404,-146.713,657,0.015,NA,193.2,NA
7400,2011-07-26,2011-07-26,0.108,63,NA,0,562.6266,NA,suspended/tethered chamber- linear response,65.3404,-146.713,657,0.015,NA,193.2,NA
7400,2011-08-09,2011-08-09,0.18,75.4,NA,0.08,635.4455,NA,suspended/tethered chamber- linear response,65.3404,-146.713,657,0.015,NA,193.2,NA
7400,2011-09-18,2011-09-18,0.17,42.5,NA,0.04,551.3429,NA,suspended/tethered chamber- linear response,65.3404,-146.713,657,0.015,NA,193.2,NA
7401,2011-05-26,2011-05-26,0.28,119.5,NA,1.56,416.7,NA,suspended/tethered chamber- linear response,65.3656,-146.085,502,0.0104,2,81.38,NA
7401,2011-06-22,2011-06-22,0.345,116.9,NA,0.76,219.1,NA,suspended/tethered chamber- linear response,65.3656,-146.085,502,0.0104,2,81.38,NA
7401,2011-07-26,2011-07-26,0.27,32.1,NA,0.26,23.24,NA,suspended/tethered chamber- linear response,65.3656,-146.085,502,0.0104,2,81.38,NA
7402,2011-05-25,2011-05-25,0.138,194,NA,0,332.5189,NA,suspended/tethered chamber- linear response,65.3239,-146.705,705,0.0653,4,0.74,NA
7402,2011-06-07,2011-06-07,0.181,163.8,NA,0,155.1434,NA,suspended/tethered chamber- linear response,65.3239,-146.705,705,0.0653,4,0.74,NA
7402,2011-06-21,2011-06-21,0.175,190.9,NA,0,114.7759,NA,suspended/tethered chamber- linear response,65.3239,-146.705,705,0.0653,4,0.74,NA
7402,2011-07-06,2011-07-06,0.16,189.8,NA,0,274.2676,NA,suspended/tethered chamber- linear response,65.3239,-146.705,705,0.0653,4,0.74,NA
7402,2011-07-20,2011-07-20,0.17,173.7,NA,0,224.2371,NA,suspended/tethered chamber- linear response,65.3239,-146.705,705,0.0653,4,0.74,NA
7402,2011-07-28,2011-07-28,0.094,204.9,NA,0,343.755,NA,suspended/tethered chamber- linear response,65.3239,-146.705,705,0.0653,4,0.74,NA
7402,2011-08-11,2011-08-11,0.193,197.4,NA,0.05,431.3425,NA,suspended/tethered chamber- linear response,65.3239,-146.705,705,0.0653,4,0.74,NA
7403,2011-06-23,2011-06-23,0.113,64.7,NA,0,37.17,NA,suspended/tethered chamber- linear response,65.3704,-146.586,767,0.0678,1,6.87,NA
7403,2011-07-28,2011-07-28,0.105,52.9,NA,0,262.65,NA,suspended/tethered chamber- linear response,65.3704,-146.586,767,0.0678,1,6.87,NA
7404,2011-05-26,2011-05-26,0.146,103.8,NA,0,196.326,NA,suspended/tethered chamber- linear response,65.3538,-146.971,605,0.1011,1,2.15,NA
7404,2011-06-21,2011-06-21,0.137,171.3,NA,0,273.2835,NA,suspended/tethered chamber- linear response,65.3538,-146.971,605,0.1011,1,2.15,NA
7404,2011-07-26,2011-07-26,0.11,109.9,NA,0,136.3585,NA,suspended/tethered chamber- linear response,65.3538,-146.971,605,0.1011,1,2.15,NA
7405,2011-05-15,2011-05-15,0.056,125.1,NA,0.09,599.5059,NA,suspended/tethered chamber- linear response,65.3536,-146.913,610,0.0768,1,2.6,NA
7405,2011-05-24,2011-05-24,0.151,160.8,NA,0.09,915.0092,NA,suspended/tethered chamber- linear response,65.3536,-146.913,610,0.0768,1,2.6,NA
7405,2011-06-07,2011-06-07,0.142,179.5,NA,0.06,804.0696,NA,suspended/tethered chamber- linear response,65.3536,-146.913,610,0.0768,1,2.6,NA
7405,2011-06-21,2011-06-21,0.178,180,NA,0,914.8207,NA,suspended/tethered chamber- linear response,65.3536,-146.913,610,0.0768,1,2.6,NA
7405,2011-07-06,2011-07-06,0.181,159.2,NA,0.1,680.9248,NA,suspended/tethered chamber- linear response,65.3536,-146.913,610,0.0768,1,2.6,NA
7405,2011-07-20,2011-07-20,0.19,186.4,NA,0,729.9375,NA,suspended/tethered chamber- linear response,65.3536,-146.913,610,0.0768,1,2.6,NA
7405,2011-07-27,2011-07-27,0.125,206.6,NA,0,1592.396,NA,suspended/tethered chamber- linear response,65.3536,-146.913,610,0.0768,1,2.6,NA
7405,2011-08-11,2011-08-11,0.137,231.2,NA,0,1129.05,NA,suspended/tethered chamber- linear response,65.3536,-146.913,610,0.0768,1,2.6,NA
7406,2011-05-15,2011-05-15,0.113,113.4,NA,0.66,277.11,NA,suspended/tethered chamber- linear response,65.3415,-146.914,575,0.0157,1,4.1,NA
7406,2011-05-24,2011-05-24,0.408,168,NA,1.08,204.951,NA,suspended/tethered chamber- linear response,65.3415,-146.914,575,0.0157,1,4.1,NA
7406,2011-06-07,2011-06-07,0.308,101,NA,0.85,339.1833,NA,suspended/tethered chamber- linear response,65.3415,-146.914,575,0.0157,1,4.1,NA
7406,2011-06-21,2011-06-21,0.289,154.6,NA,1.34,521.9398,NA,suspended/tethered chamber- linear response,65.3415,-146.914,575,0.0157,1,4.1,NA
7406,2011-07-06,2011-07-06,0.229,119.7,NA,0.41,326.2914,NA,suspended/tethered chamber- linear response,65.3415,-146.914,575,0.0157,1,4.1,NA
7406,2011-07-20,2011-07-20,0.284,108.4,NA,0.33,285.5987,NA,suspended/tethered chamber- linear response,65.3415,-146.914,575,0.0157,1,4.1,NA
7406,2011-07-27,2011-07-27,0.236,166.8,NA,1.1,653.3499,NA,suspended/tethered chamber- linear response,65.3415,-146.914,575,0.0157,1,4.1,NA
7406,2011-08-11,2011-08-11,0.286,124.5,NA,1.37,509.1104,NA,suspended/tethered chamber- linear response,65.3415,-146.914,575,0.0157,1,4.1,NA
7406,2016-05-31,2016-05-31,0.03065591,68.01431861,NA,3.2832,235.008,NA,floating chamber- unspecified response,65.3415,-146.914,575,0.0157,1,4.1,NA
7406,2017-05-18,2017-05-18,0.210472572,106.9413294,NA,1.27872,98.496,NA,floating chamber- unspecified response,65.3415,-146.914,575,0.0157,1,4.1,NA
7406,2017-09-11,2017-09-11,0.030806528,55.4500837,NA,1.64736,964.8,NA,floating chamber- unspecified response,65.3415,-146.914,575,0.0157,1,4.1,NA
7408,2011-05-26,2011-05-26,0.29,161.5,NA,1.85,863.8151,NA,suspended/tethered chamber- linear response,65.3433,-146.696,668,0.0882,1,1.46,NA
7408,2011-06-23,2011-06-23,0.156,120.3,NA,0,340.7401,NA,suspended/tethered chamber- linear response,65.3433,-146.696,668,0.0882,1,1.46,NA
7408,2011-07-28,2011-07-28,0.13,112,NA,0.23,710.004,NA,suspended/tethered chamber- linear response,65.3433,-146.696,668,0.0882,1,1.46,NA
7427,2011-03-02,2011-03-02,0.09,NA,NA,0.02,-9.29,NA,floating chamber- unspecified response,10.2857,76.5739,134,NA,NA,NA,NA
7449,2012-05-11,2012-05-11,1.892,39.99,NA,19.82324843,410.221519,NA,conc+k,46.024,-89.652,493,NA,1,NA,NA
7449,2012-05-25,2012-05-25,3.418,60.89,NA,16.40715829,200.086218,NA,conc+k,46.024,-89.652,493,NA,1,NA,NA
7449,2012-05-29,2012-05-29,3.955,50.69,NA,18.26615176,185.525649,NA,conc+k,46.024,-89.652,493,NA,1,NA,NA
7449,2012-06-04,2012-06-04,1.701,30.4,NA,4.79,198,NA,suspended/tethered chamber- linear response,46.024,-89.652,493,NA,1,NA,NA
7449,2012-06-18,2012-06-18,1.307,47.8,NA,6.21,474,NA,suspended/tethered chamber- linear response,46.024,-89.652,493,NA,1,NA,NA
7449,2012-06-27,2012-06-27,1.299,33.3,NA,5.792506899,351.282689,NA,conc+k,46.024,-89.652,493,NA,1,NA,NA
7449,2012-07-02,2012-07-02,1.764,27.01,NA,5.82,350,NA,suspended/tethered chamber- linear response,46.024,-89.652,493,NA,1,NA,NA
7450,2012-05-11,2012-05-11,6.063,62.83,NA,6.624233228,67.851583,NA,conc+k,46.0307,-89.605,496,3.00E-04,1,NA,WS
7450,2012-05-25,2012-05-25,6.317,81.83,NA,28.7069583,238.805818,NA,conc+k,46.0307,-89.605,496,3.00E-04,1,NA,WS
7450,2012-05-29,2012-05-29,6.49,77.8,NA,61.91398832,628.853637,NA,conc+k,46.0307,-89.605,496,3.00E-04,1,NA,WS
7450,2012-06-04,2012-06-04,7.956,86.7,NA,11.94,308.681694,NA,suspended/tethered chamber- linear response,46.0307,-89.605,496,3.00E-04,1,NA,WS
7450,2012-06-11,2012-06-11,6.021,86.24,NA,19.83544302,240.038252,NA,conc+k,46.0307,-89.605,496,3.00E-04,1,NA,WS
7450,2012-06-18,2012-06-18,4.654,122.29,NA,16.52,549.090904,NA,suspended/tethered chamber- linear response,46.0307,-89.605,496,3.00E-04,1,NA,WS
7450,2012-07-02,2012-07-02,5.027,73.22,NA,14.25,115.711808,NA,suspended/tethered chamber- linear response,46.0307,-89.605,496,3.00E-04,1,NA,WS
7456,2012-05-25,2012-05-25,0.16,22.5,NA,0.751820312,-23.950886,NA,conc+k,46.036,-89.706,495,NA,NA,NA,NA
7456,2012-05-29,2012-05-29,0.19,16.19,NA,0.911999537,-27.584013,NA,conc+k,46.036,-89.706,495,NA,NA,NA,NA
7456,2012-06-04,2012-06-04,0.16,14.31,NA,0.74,-96.31,NA,suspended/tethered chamber- linear response,46.036,-89.706,495,NA,NA,NA,NA
7456,2012-06-18,2012-06-18,0.23,18.78,NA,0,-6.17,NA,suspended/tethered chamber- linear response,46.036,-89.706,495,NA,NA,NA,NA
7456,2012-06-27,2012-06-27,0.54,13.62,NA,19.83916863,-104.575927,NA,conc+k,46.036,-89.706,495,NA,NA,NA,NA
7456,2012-07-02,2012-07-02,0.47,9.49,NA,7.59,-104.58,NA,suspended/tethered chamber- linear response,46.036,-89.706,495,NA,NA,NA,NA
7457,2012-05-11,2012-05-11,2.22,922.12,NA,1.198059037,45.253094,NA,conc+k,46.06,-89.65,495,NA,1,NA,NA
7457,2012-05-29,2012-05-29,2.89,197.3324832,NA,9.46809795,477.977743,NA,conc+k,46.06,-89.65,495,NA,1,NA,NA
7457,2012-06-04,2012-06-04,3.05,88.20816969,NA,2.97,210,NA,suspended/tethered chamber- linear response,46.06,-89.65,495,NA,1,NA,NA
7457,2012-06-11,2012-06-11,3.006575435,107.1737166,NA,11.08380337,320,NA,conc+k,46.06,-89.65,495,NA,1,NA,NA
7457,2012-06-18,2012-06-18,2.82,144.9312839,NA,5.36,540,NA,suspended/tethered chamber- linear response,46.06,-89.65,495,NA,1,NA,NA
7457,2012-06-27,2012-06-27,1.5,145.7586519,NA,7.008305718,450,NA,conc+k,46.06,-89.65,495,NA,1,NA,NA
7457,2012-07-02,2012-07-02,1.72,96.02806981,NA,1.27,450,NA,suspended/tethered chamber- linear response,46.06,-89.65,495,NA,1,NA,NA
7458,2012-05-12,2012-05-12,2.43,130.98,NA,11.72,390,NA,conc+k,46.0788,-89.6677,491,NA,NA,NA,WS
7458,2012-05-25,2012-05-25,1.64,17.61,NA,5.38,-44,NA,conc+k,46.0788,-89.6677,491,NA,NA,NA,WS
7458,2012-06-04,2012-06-04,1.05,10.16,NA,2.18,-55.39,NA,suspended/tethered chamber- linear response,46.0788,-89.6677,491,NA,NA,NA,WS
7458,2012-06-11,2012-06-11,1.24,15.5,NA,7.77,89.9,NA,conc+k,46.0788,-89.6677,491,NA,NA,NA,WS
7458,2012-06-18,2012-06-18,1.39,33.34,NA,3.09,392.447,NA,suspended/tethered chamber- linear response,46.0788,-89.6677,491,NA,NA,NA,WS
7458,2012-07-02,2012-07-02,0.91,17.06,NA,1.61,115.696,NA,suspended/tethered chamber- linear response,46.0788,-89.6677,491,NA,NA,NA,WS
7459,2012-06-04,2012-06-04,1.29,398.96,NA,0,350,NA,suspended/tethered chamber- linear response,46.0178,-89.6797,492,NA,NA,NA,WS
7459,2012-06-18,2012-06-18,3.14,258.19,NA,2,70,NA,suspended/tethered chamber- linear response,46.0178,-89.6797,492,NA,NA,NA,WS
7459,2012-07-02,2012-07-02,6.03,NA,NA,10.23,840,NA,suspended/tethered chamber- linear response,46.0178,-89.6797,492,NA,NA,NA,WS
7466,2003-05-15,2004-08-15,0.308,53.76390114,0.023,0.4746048,92.922624,0.00481236,conc+k,64.99,25.56,25,NA,NA,311,NA
7467,2003-05-15,2004-08-15,3.45,200.3927224,0.017,5.41216,449.6256,0.00183498,conc+k,64.81,26.22,65,NA,NA,43,NA
7468,2003-05-15,2004-08-15,0.367,47.89874828,0.015,0.707744,155.953472,0.00014994,conc+k,64.84,26.04,35,NA,NA,105,NA
7469,2003-05-15,2004-08-15,0.21,53.86985685,0.018,0.707744,146.794432,0.00441966,conc+k,64.88,25.85,30,NA,NA,261,NA
7472,2009-06-15,2009-06-15,0.0961,733.5,0.488,0.498752,4408.068,2.726472,conc+k,45.43,9.8,150,NA,NA,NA,SP
7472,2009-08-15,2009-08-15,0.1165,912.4,0.261,0.62344,5157.894,1.704045,conc+k,45.43,9.8,150,NA,NA,NA,SP
7566,2003-07-15,2003-07-15,10.5079,478.1,0.0093,6.7416,302.4,7.20E-05,conc+k,42.7713,-70.92,22,0.0021,1,3.9,NA
7566,2018-10-14,2018-10-14,0.407767027,NA,NA,0.082188169,31.66288332,NA,floating chamber- linear response,42.7713,-70.92,22,0.0021,1,3.9,NA
7566,2018-10-26,2018-10-26,0.2998782,NA,NA,0.070918643,7.097497451,NA,floating chamber- linear response,42.7713,-70.92,22,0.0021,1,3.9,NA
7566,2018-11-02,2018-11-02,0.296483882,NA,NA,0.189145347,27.43487728,NA,floating chamber- linear response,42.7713,-70.92,22,0.0021,1,3.9,NA
7566,2018-11-09,2018-11-09,0.29216384,NA,NA,0.141577032,36.71290731,NA,floating chamber- linear response,42.7713,-70.92,22,0.0021,1,3.9,NA
7566,2018-11-20,2018-11-20,0.714910751,NA,NA,0.58249736,102.8422607,NA,floating chamber- linear response,42.7713,-70.92,22,0.0021,1,3.9,NA
7566,2018-12-10,2018-12-10,0.638833138,NA,NA,0.461149264,73.27479688,NA,floating chamber- linear response,42.7713,-70.92,22,0.0021,1,3.9,NA
7566,2018-12-19,2018-12-19,0.662162683,NA,NA,0.030106424,31.66288332,NA,floating chamber- linear response,42.7713,-70.92,22,0.0021,1,3.9,NA
7566,2019-01-03,2019-01-03,0.245792534,NA,NA,0.06795139,24.74017406,NA,floating chamber- linear response,42.7713,-70.92,22,0.0021,1,3.9,NA
7566,2019-01-16,2019-01-16,0.485930309,NA,NA,0.168666775,63.70405676,NA,floating chamber- linear response,42.7713,-70.92,22,0.0021,1,3.9,NA
7566,2019-01-28,2019-01-28,0.413042971,NA,NA,0.085125605,48.45896479,NA,floating chamber- linear response,42.7713,-70.92,22,0.0021,1,3.9,NA
7566,2019-02-08,2019-02-08,0.506601495,NA,NA,0.362433897,56.63003145,NA,floating chamber- linear response,42.7713,-70.92,22,0.0021,1,3.9,NA
7566,2019-02-15,2019-02-15,0.632,NA,NA,0.230946683,57.18353034,NA,floating chamber- linear response,42.7713,-70.92,22,0.0021,1,3.9,NA
7566,2019-02-25,2019-02-25,0.473,NA,NA,0.118022136,30.31936428,NA,floating chamber- linear response,42.7713,-70.92,22,0.0021,1,3.9,NA
7566,2019-03-08,2019-03-08,0.337,NA,NA,0.110159753,23.14982799,NA,floating chamber- linear response,42.7713,-70.92,22,0.0021,1,3.9,NA
7566,2019-03-25,2019-03-25,0.410619285,NA,NA,0.221841294,32.54756773,NA,floating chamber- linear response,42.7713,-70.92,22,0.0021,1,3.9,NA
7566,2019-04-05,2019-04-05,0.452862,NA,NA,0.121280592,33.48554431,NA,floating chamber- linear response,42.7713,-70.92,22,0.0021,1,3.9,NA
7566,2019-04-26,2019-04-26,0.959137783,NA,NA,0.283733145,43.87622692,NA,floating chamber- linear response,42.7713,-70.92,22,0.0021,1,3.9,NA
7566,2019-05-08,2019-05-08,0.486646798,NA,NA,0.41033141,32.40755283,NA,floating chamber- linear response,42.7713,-70.92,22,0.0021,1,3.9,NA
7566,2019-05-17,2019-05-17,0.538440101,NA,NA,0.633538581,71.1942012,NA,floating chamber- linear response,42.7713,-70.92,22,0.0021,1,3.9,NA
7566,2019-05-30,2019-05-30,0.232008025,NA,NA,0.171631664,13.61844444,NA,floating chamber- linear response,42.7713,-70.92,22,0.0021,1,3.9,NA
7566,2019-06-03,2019-06-03,0.544707034,NA,NA,0.509757195,35.8567183,NA,floating chamber- linear response,42.7713,-70.92,22,0.0021,1,3.9,NA
7566,2019-06-10,2019-06-10,0.639055762,NA,NA,0.193888389,7.834051018,NA,floating chamber- linear response,42.7713,-70.92,22,0.0021,1,3.9,NA
7566,2019-06-17,2019-06-17,0.554880908,NA,NA,0.277942326,49.82080924,NA,floating chamber- linear response,42.7713,-70.92,22,0.0021,1,3.9,NA
7566,2019-06-28,2019-06-28,2.142628412,NA,NA,0.410416824,173.8112985,NA,floating chamber- linear response,42.7713,-70.92,22,0.0021,1,3.9,NA
7566,2019-07-08,2019-07-08,13.57122268,NA,NA,0.1010047,30.47126943,NA,floating chamber- linear response,42.7713,-70.92,22,0.0021,1,3.9,NA
7566,2019-07-15,2019-07-15,0.312922556,NA,NA,0.138254991,5.560864812,NA,floating chamber- linear response,42.7713,-70.92,22,0.0021,1,3.9,NA
7566,2019-07-22,2019-07-22,0.780676211,NA,NA,0.494632923,36.10448936,NA,floating chamber- linear response,42.7713,-70.92,22,0.0021,1,3.9,NA
7566,2019-07-29,2019-07-29,1.29515376,NA,NA,0.353193523,30.47126943,NA,floating chamber- linear response,42.7713,-70.92,22,0.0021,1,3.9,NA
7566,2019-08-06,2019-08-06,12.87954235,NA,NA,0.718779582,29.02257973,NA,floating chamber- linear response,42.7713,-70.92,22,0.0021,1,3.9,NA
7566,2019-08-27,2019-08-27,10.99657946,NA,NA,0.6481779,33.39274973,NA,floating chamber- linear response,42.7713,-70.92,22,0.0021,1,3.9,NA
7566,2019-09-03,2019-09-03,1.596785462,NA,NA,0.286941254,31.78650677,NA,floating chamber- linear response,42.7713,-70.92,22,0.0021,1,3.9,NA
7566,2019-09-13,2019-09-13,0.045001868,NA,NA,0.053459702,34.42876095,NA,floating chamber- linear response,42.7713,-70.92,22,0.0021,1,3.9,NA
7566,2019-09-25,2019-09-25,0.998758973,NA,NA,0.065226537,27.62931051,NA,floating chamber- linear response,42.7713,-70.92,22,0.0021,1,3.9,NA
7566,2019-10-07,2019-10-07,0.698345783,NA,NA,0.074215238,29.35833456,NA,floating chamber- linear response,42.7713,-70.92,22,0.0021,1,3.9,NA
7566,2019-10-14,2019-10-14,0.53897458,NA,NA,0.086257037,28.492064,NA,floating chamber- linear response,42.7713,-70.92,22,0.0021,1,3.9,NA
7567,2003-07-29,2003-07-29,1.2747,528.2,0.151,2.2152,439.2,0.0249984,conc+k,42.538,-71.2093,34,NA,NA,NA,NA
7568,2004-07-27,2004-07-27,0.1317,81.5,0.0091,0.5064,271.2,9.12E-05,conc+k,42.6418,-70.9943,23,NA,NA,NA,NA
7569,2004-06-29,2004-06-29,0.5556,101.9,0.0357,0.2832,45.6,0.0014112,conc+k,42.6476,-70.8597,16,NA,NA,NA,NA
7570,2004-07-13,2004-07-13,0.581,128,0.0207,1.2936,259.2,0.0025944,conc+k,42.6525,-70.848,9,NA,NA,NA,NA
7571,2005-08-09,2005-08-09,1.0711,331.9,0.0203,1.2408,376.8,0.001428,conc+k,42.663,-70.9009,10,NA,NA,NA,NA
7572,2005-07-26,2005-07-26,0.563,230.3,0.0537,0.6288,247.2,0.0051936,conc+k,42.5224,-71.186,38,0.0017,1,4.1,NA
7572,2018-10-14,2018-10-14,0.575322919,NA,NA,0.480542873,45.58395985,NA,floating chamber- linear response,42.5224,-71.186,38,0.0017,1,4.1,NA
7572,2018-10-26,2018-10-26,0.429928278,NA,NA,0.492282473,8.809656707,NA,floating chamber- linear response,42.5224,-71.186,38,0.0017,1,4.1,NA
7572,2018-11-02,2018-11-02,0.586571858,NA,NA,0.442188811,34.28686874,NA,floating chamber- linear response,42.5224,-71.186,38,0.0017,1,4.1,NA
7572,2018-11-09,2018-11-09,0.829560162,NA,NA,0.42942055,42.90205581,NA,floating chamber- linear response,42.5224,-71.186,38,0.0017,1,4.1,NA
7572,2018-11-20,2018-11-20,0.717800129,NA,NA,0.821711154,99.10260876,NA,floating chamber- linear response,42.5224,-71.186,38,0.0017,1,4.1,NA
7572,2018-12-10,2018-12-10,0.659788144,NA,NA,0.193901104,88.0659407,NA,floating chamber- linear response,42.5224,-71.186,38,0.0017,1,4.1,NA
7572,2018-12-19,2018-12-19,0.705429542,NA,NA,0.039958183,45.58395985,NA,floating chamber- linear response,42.5224,-71.186,38,0.0017,1,4.1,NA
7572,2019-01-03,2019-01-03,0.454786187,NA,NA,0.261213945,23.9457648,NA,floating chamber- linear response,42.5224,-71.186,38,0.0017,1,4.1,NA
7572,2019-01-08,2019-01-08,0.537216789,NA,NA,0.302144041,28.90136542,NA,floating chamber- linear response,42.5224,-71.186,38,0.0017,1,4.1,NA
7572,2019-01-16,2019-01-16,0.495087776,NA,NA,0.1529546,67.37347096,NA,floating chamber- linear response,42.5224,-71.186,38,0.0017,1,4.1,NA
7572,2019-01-28,2019-01-28,0.536566418,NA,NA,0.093405507,52.20403701,NA,floating chamber- linear response,42.5224,-71.186,38,0.0017,1,4.1,NA
7572,2019-02-08,2019-02-08,0.579425252,NA,NA,0.409649868,46.87014627,NA,floating chamber- linear response,42.5224,-71.186,38,0.0017,1,4.1,NA
7572,2019-02-15,2019-02-15,0.673,NA,NA,0.312853699,39.9075393,NA,floating chamber- linear response,42.5224,-71.186,38,0.0017,1,4.1,NA
7572,2019-02-25,2019-02-25,0.593,NA,NA,0.21876431,43.53549742,NA,floating chamber- linear response,42.5224,-71.186,38,0.0017,1,4.1,NA
7572,2019-03-08,2019-03-08,0.573,NA,NA,0.208482733,64.95772631,NA,floating chamber- linear response,42.5224,-71.186,38,0.0017,1,4.1,NA
7572,2019-03-25,2019-03-25,0.433458124,NA,NA,0.226653884,28.38330552,NA,floating chamber- linear response,42.5224,-71.186,38,0.0017,1,4.1,NA
7572,2019-04-05,2019-04-05,0.3516752,NA,NA,0.126563186,25.61810619,NA,floating chamber- linear response,42.5224,-71.186,38,0.0017,1,4.1,NA
7572,2019-04-26,2019-04-26,0.619948568,NA,NA,0.425071702,29.87710448,NA,floating chamber- linear response,42.5224,-71.186,38,0.0017,1,4.1,NA
7572,2019-05-08,2019-05-08,0.672093109,NA,NA,0.339060439,29.64090034,NA,floating chamber- linear response,42.5224,-71.186,38,0.0017,1,4.1,NA
7572,2019-05-17,2019-05-17,0.810512923,NA,NA,0.476962645,27.96942089,NA,floating chamber- linear response,42.5224,-71.186,38,0.0017,1,4.1,NA
7572,2019-05-30,2019-05-30,0.880146434,NA,NA,0.124337578,10.56137603,NA,floating chamber- linear response,42.5224,-71.186,38,0.0017,1,4.1,NA
7572,2019-06-03,2019-06-03,1.077524506,NA,NA,0.16114091,17.36351666,NA,floating chamber- linear response,42.5224,-71.186,38,0.0017,1,4.1,NA
7572,2019-06-05,2019-06-05,0.040187197,277.4499367,NA,1.1303321,298.1825135,NA,conc+k,42.5224,-71.186,38,0.0017,1,4.1,NA
7572,2019-06-06,2019-06-06,0.034135744,332.4408573,NA,1.237514555,477.6227256,NA,conc+k,42.5224,-71.186,38,0.0017,1,4.1,NA
7572,2019-06-07,2019-06-07,0.033745295,260.8009132,NA,1.019461796,303.3982873,NA,conc+k,42.5224,-71.186,38,0.0017,1,4.1,NA
7572,2019-06-10,2019-06-10,0.710865195,NA,NA,0.694787594,6.802290431,NA,floating chamber- linear response,42.5224,-71.186,38,0.0017,1,4.1,NA
7572,2019-06-17,2019-06-17,0.785424678,NA,NA,0.312427934,35.26401701,NA,floating chamber- linear response,42.5224,-71.186,38,0.0017,1,4.1,NA
7572,2019-06-28,2019-06-28,0.751802305,NA,NA,0.628068916,11.42134145,NA,floating chamber- linear response,42.5224,-71.186,38,0.0017,1,4.1,NA
7572,2019-07-08,2019-07-08,1.06366803,NA,NA,0.595903574,27.86106758,NA,floating chamber- linear response,42.5224,-71.186,38,0.0017,1,4.1,NA
7572,2019-07-15,2019-07-15,0.898575184,NA,NA,0.855846165,6.31953322,NA,floating chamber- linear response,42.5224,-71.186,38,0.0017,1,4.1,NA
7572,2019-07-22,2019-07-22,0.425020813,139.7055993,NA,0.446448615,28.86390875,NA,floating chamber- linear response,42.5224,-71.186,38,0.0017,1,4.1,NA
7572,2019-07-24,2019-07-24,0.094245736,239.0762241,NA,3.477701784,345.6679711,NA,conc+k,42.5224,-71.186,38,0.0017,1,4.1,NA
7572,2019-07-25,2019-07-25,0.055636051,182.5768966,NA,1.7814435,224.6491267,NA,conc+k,42.5224,-71.186,38,0.0017,1,4.1,NA
7572,2019-07-29,2019-07-29,0.27649568,NA,NA,0.505731703,27.86106758,NA,floating chamber- linear response,42.5224,-71.186,38,0.0017,1,4.1,NA
7572,2019-08-06,2019-08-06,1.027954894,NA,NA,0.615153758,39.72073842,NA,floating chamber- linear response,42.5224,-71.186,38,0.0017,1,4.1,NA
7572,2019-08-27,2019-08-27,0.998745814,NA,NA,0.547756215,44.81041697,NA,floating chamber- linear response,42.5224,-71.186,38,0.0017,1,4.1,NA
7572,2019-08-28,2019-08-28,0.039162617,1444.511463,NA,0.760476016,1158.326629,NA,conc+k,42.5224,-71.186,38,0.0017,1,4.1,NA
7572,2019-08-29,2019-08-29,0.097066345,159.8594244,NA,3.035850658,194.0864343,NA,conc+k,42.5224,-71.186,38,0.0017,1,4.1,NA
7572,2019-08-30,2019-08-30,0.03754468,119.4835779,NA,0.972346037,113.6042363,NA,conc+k,42.5224,-71.186,38,0.0017,1,4.1,NA
7572,2019-09-03,2019-09-03,1.65684577,NA,NA,0.189972908,45.63847562,NA,floating chamber- linear response,42.5224,-71.186,38,0.0017,1,4.1,NA
7572,2019-09-13,2019-09-13,0.898197639,NA,NA,0.072790505,43.06688476,NA,floating chamber- linear response,42.5224,-71.186,38,0.0017,1,4.1,NA
7572,2019-09-25,2019-09-25,0.794857938,NA,NA,0.124402415,46.98239014,NA,floating chamber- linear response,42.5224,-71.186,38,0.0017,1,4.1,NA
7572,2019-10-07,2019-10-07,0.649387459,NA,NA,0.133908956,51.20927529,NA,floating chamber- linear response,42.5224,-71.186,38,0.0017,1,4.1,NA
7572,2019-10-14,2019-10-14,0.599583746,NA,NA,0.138096922,47.76280078,NA,floating chamber- linear response,42.5224,-71.186,38,0.0017,1,4.1,NA
7572,2019-11-07,2019-11-07,0.059810531,320.8637657,NA,1.076928256,198.452209,NA,conc+k,42.5224,-71.186,38,0.0017,1,4.1,NA
7572,2019-11-08,2019-11-08,0.210263735,546.0018841,NA,4.390290454,394.9838007,NA,conc+k,42.5224,-71.186,38,0.0017,1,4.1,NA
7573,2005-07-07,2005-07-07,0.5625,157.8,0.0286,2.0424,535.2,0.0073008,conc+k,42.5823,-71.0782,21,NA,NA,NA,NA
7574,2003-05-23,2003-05-23,0.005,10.3,0.0091,0.0168,-48,-0.0011784,conc+k,35.0495,-83.4306,775,NA,NA,NA,NA
7575,2003-06-10,2003-06-10,0.0021,33.5,0.0133,0.4728,50.4,0.0012264,conc+k,35.0932,-83.3863,626,NA,NA,NA,NA
7576,2003-06-20,2003-06-20,0.1425,38.1,0.0097,2.0088,362.4,0.0016272,conc+k,35.1799,-83.4055,643,NA,NA,NA,NA
7577,2004-05-20,2004-05-20,0.2487,47,0.0107,1.6488,237.6,0.0007296,conc+k,35.069,-83.4434,727,NA,NA,NA,NA
7578,2004-06-22,2004-06-22,0.5812,97.5,0.0219,2.8704,427.2,0.00684,conc+k,34.9562,-83.404,677,NA,NA,NA,NA
7579,2004-06-16,2004-06-16,0.4133,55.5,0.0112,3.9792,417.6,0.0025944,conc+k,34.9876,-83.3169,967,NA,NA,NA,NA
7580,2005-06-03,2005-06-03,0.0139,35.1,0.01,0.1536,283.2,0.000156,conc+k,35.0496,-83.4551,961,NA,NA,NA,NA
7581,2005-06-16,2005-06-16,0.1643,6.7,0.0241,3.9072,-170.4,0.036924,conc+k,34.9428,-83.381,657,NA,NA,NA,NA
7582,2005-06-09,2005-06-09,0.0046,36.8,0.0109,0.0384,489.6,0.00144,conc+k,35.3799,-83.1183,1046,NA,NA,NA,NA
7583,2003-06-18,2003-06-18,1.017,1242.2,0.0124,3.504,4317.6,0.0010008,conc+k,42.5784,-85.9283,212,NA,NA,NA,NA
7584,2003-06-05,2003-06-05,1.0044,43.2,0.0304,0.5904,16.8,0.0014352,conc+k,42.7077,-85.692,231,NA,NA,NA,NA
7585,2003-06-12,2003-06-12,0.2185,1448.5,0.0203,0.948,6420,0.0042192,conc+k,42.7275,-85.7213,211,NA,NA,NA,NA
7586,2004-05-05,2004-05-05,0.0691,115.6,0.0217,0.7488,1142.4,0.0125928,conc+k,42.2977,-85.3616,253,NA,NA,NA,NA
7587,2004-08-05,2004-08-05,0.5318,34.7,0.0168,4.02,165.6,0.0063408,conc+k,42.6358,-85.6622,228,NA,NA,NA,NA
7588,2004-06-16,2004-06-16,0.0535,214.7,0.0546,7.5384,1284,0.0290784,conc+k,42.6709,-85.6605,226,NA,NA,NA,NA
7589,2005-06-01,2005-06-01,0.9747,53.7,0.0078,2.2608,98.4,4.80E-06,conc+k,42.3085,-85.3402,258,NA,NA,NA,NA
7590,2005-05-11,2005-05-11,0.0881,32.1,0.0167,0.1392,31.2,0.00132,conc+k,42.493,-85.5703,224,NA,NA,NA,NA
7591,2005-06-20,2005-06-20,0.0149,95.5,0.0154,2.8272,357.6,0.003012,conc+k,42.2731,-85.6166,259,NA,NA,NA,NA
7592,2003-05-21,2003-05-21,0.0051,80.6,0.017,0.0192,547.2,0.0061056,conc+k,39.0879,-96.5844,363,NA,NA,NA,NA
7593,2003-06-11,2003-06-11,1.0835,1335.2,0.0124,0.1248,153.6,5.52E-05,conc+k,39.2125,-96.5928,324,NA,NA,NA,NA
7594,2003-07-01,2003-07-01,0.3686,255.8,0.0863,0.0696,43.2,0.0019128,conc+k,39.1927,-96.5787,317,NA,NA,NA,NA
7595,2004-06-30,2004-06-30,0.0048,124.9,0.0108,0.0096,520.8,0.0009864,conc+k,39.1002,-96.5739,412,NA,NA,NA,NA
7596,2004-06-22,2004-06-22,0.1944,135.1,0.0084,0.264,172.8,6.96E-05,conc+k,39.2286,-96.6589,408,NA,NA,NA,NA
7597,2004-05-27,2004-05-27,0.3775,14.2,0.0562,0.4608,7.2,0.0063984,conc+k,39.1854,-96.5583,307,NA,NA,NA,DIT
7598,2005-05-17,2005-05-17,0.0183,210.4,0.0086,0.0024,45.6,-1.20E-05,conc+k,39.1129,-96.5555,335,NA,NA,NA,NA
7599,2005-06-27,2005-06-27,0.2141,471,0.2785,0.3024,669.6,0.0394632,conc+k,39.2182,-96.5741,314,NA,NA,NA,NA
7600,2005-06-08,2005-06-08,0.1466,308.1,0.0144,0.4608,962.4,0.002064,conc+k,39.2058,-96.6343,350,NA,NA,NA,NA
7601,2003-07-08,2003-07-08,0.0047,49.3,0.009,0.012,184.8,0.0010416,conc+k,43.6635,-110.628,2067,NA,NA,NA,DIT
7602,2003-07-04,2003-07-04,0.2606,223.6,0.0157,1.5624,1293.6,0.0045504,conc+k,43.549,-110.84,1897,NA,NA,NA,NA
7603,2003-07-20,2003-07-20,0.0565,18.1,0.0117,0.3144,43.2,0.0027024,conc+k,43.5667,-110.752,1939,NA,NA,NA,NA
7604,2004-07-10,2004-07-10,0.5373,11.2,0.0084,3.996,74.4,0.0007872,conc+k,43.5676,-110.8,1916,NA,NA,NA,NA
7605,2004-07-14,2004-07-14,0.0691,72.2,0.0216,0.0864,76.8,0.0016728,conc+k,43.5304,-110.843,1891,NA,NA,NA,NA
7606,2005-07-19,2005-07-19,0.0109,20,0.0083,0.0984,110.4,0.0018552,conc+k,43.7881,-110.532,2102,NA,NA,NA,NA
7607,2005-07-06,2005-07-06,0.3679,179.5,0.01,1.6968,780,0.000468,conc+k,43.5672,-110.817,1911,NA,NA,NA,NA
7608,2005-07-12,2005-07-12,0.0287,187.1,0.0411,0.1152,770.4,0.0140544,conc+k,43.5846,-110.828,1915,NA,NA,NA,NA
7609,2003-06-20,2003-06-20,0.5163,127.1,0.0059,0.3744,86.4,-0.0001008,conc+k,35.3267,-106.547,1542,NA,NA,NA,NA
7610,2003-07-16,2003-07-16,2.3052,82.9,0.0074,6.384,208.8,0.000552,conc+k,35.1979,-106.645,1523,NA,NA,NA,NA
7611,2004-05-09,2004-05-09,0.0228,102.7,0.0132,0.024,108,0.0008736,conc+k,34.4098,-106.854,1445,NA,NA,NA,NA
7612,2004-07-02,2004-07-02,0.2024,89.4,0.0174,0.5976,230.4,0.002556,conc+k,35.2077,-106.309,1959,NA,NA,NA,NA
7613,2005-07-06,2005-07-06,0.5589,157.1,NA,1.4856,396,NA,conc+k,33.7533,-111.506,666,NA,NA,NA,NA
7614,2004-04-17,2004-04-17,0.1222,105.8,0.0146,0.2976,235.2,0.001704,conc+k,33.4337,-111.949,348,NA,NA,NA,NA
7615,2003-08-26,2003-08-26,2.1503,156,0.0555,1.1904,206.4,0.0066432,conc+k,44.6114,-123.33,156,NA,NA,NA,NA
7616,2003-08-13,2003-08-13,3.1602,406.5,0.0572,2.1144,266.4,0.0032424,conc+k,44.5683,-123.303,80,NA,NA,NA,NA
7617,2003-07-30,2003-07-30,1.097,127,0.019,0.936,98.4,0.0009048,conc+k,44.5586,-123.285,71,NA,NA,NA,NA
7619,2004-07-28,2004-07-28,0.0709,27.6,0.0139,0.2568,50.4,0.0016872,conc+k,44.1154,-122.82,203,NA,NA,NA,NA
7620,2004-07-07,2004-07-07,0.2616,26.6,0.0099,0.4104,21.6,0.000276,conc+k,44.0439,-123.095,129,NA,NA,NA,NA
7621,2005-07-28,2005-07-28,0.0336,112.9,0.0102,0.288,928.8,9.84E-05,conc+k,44.2638,-122.489,953,NA,NA,NA,NA
7622,2005-07-13,2005-07-13,0.3621,85.4,0.0125,0.5232,105.6,0.0005376,conc+k,44.3637,-122.967,106,NA,NA,NA,NA
7624,2004-02-04,2004-02-04,0.0044,13.8,0.0085,0.0576,40.8,0.0015024,conc+k,18.3165,-65.7484,204,NA,NA,NA,NA
7625,2004-02-19,2004-02-19,1.0484,65.7,0.0114,6.7944,376.8,0.001896,conc+k,18.1593,-65.9503,192,NA,NA,NA,NA
7626,2004-02-27,2004-02-27,0.4173,189.8,0.0295,0.9552,415.2,0.0051144,conc+k,18.3852,-66.0851,20,NA,NA,NA,NA
7628,2005-02-02,2005-02-02,0.6281,233.6,0.0471,2.1744,780,0.0137832,conc+k,18.3704,-65.7797,35,NA,NA,NA,NA
7629,2005-02-11,2005-02-11,0.0418,41.2,0.0048,0.1704,127.2,-0.0014688,conc+k,18.2335,-65.7593,49,NA,NA,NA,NA
7630,2006-02-23,2006-02-23,0.0052,51.9,0.0078,0.0048,74.4,4.80E-06,conc+k,18.3341,-65.8216,143,NA,NA,NA,NA
7631,2006-02-11,2006-02-11,0.0836,60.8,0.0084,2.052,1262.4,0.0021672,conc+k,18.3434,-65.8418,55,NA,NA,NA,NA
7632,2006-02-06,2006-02-06,0.1396,101.2,0.0105,1.32,885.6,0.0036912,conc+k,18.2714,-65.6489,25,NA,NA,NA,NA
7634,2005-07-12,2005-07-12,5.6454,429.1,0.0093,24.0312,1807.2,0.000588,conc+k,42.6443,-70.8711,11,NA,NA,NA,NA
7647,2014-06-05,2014-06-05,3.18,9.64086878,NA,1.76,-5.61,NA,suspended/tethered chamber- linear response,43.0955,-89.3611,260,NA,NA,NA,NA
7648,2014-06-02,2014-06-02,4.58,108.8692624,NA,6.04,345.12,NA,suspended/tethered chamber- linear response,43.1064,-89.3417,258,NA,NA,NA,NA
7649,2014-07-09,2014-07-09,2.87,111.7996346,NA,46.61,128.48,NA,suspended/tethered chamber- linear response,43.0508,-89.3868,258,NA,NA,NA,NA
7650,2014-06-04,2014-06-04,4.72,247.4066563,NA,0.6,89.96,NA,suspended/tethered chamber- linear response,43.0023,-89.4998,294,NA,NA,NA,NA
7651,2014-06-03,2014-06-03,7.7,128.0600538,NA,57.84,1461.51,NA,suspended/tethered chamber- linear response,43.1033,-89.5118,280,NA,NA,NA,NA
7651,2018-05-08,2018-05-08,0.788,79.18,0.042,4.9248,320.8896,NA,suspended/tethered chamber- linear response,43.1033,-89.5118,280,NA,NA,NA,NA
7651,2018-07-25,2018-07-25,0.246,231.26,0.068,1.3824,372.23712,NA,suspended/tethered chamber- linear response,43.1033,-89.5118,280,NA,NA,NA,NA
7651,2018-08-07,2018-08-07,0.516,193.06,0.052,1.728,372.2976,NA,suspended/tethered chamber- linear response,43.1033,-89.5118,280,NA,NA,NA,NA
7651,2018-09-06,2018-09-06,1.01,301.64,0.111,14.3424,2373.7536,NA,suspended/tethered chamber- linear response,43.1033,-89.5118,280,NA,NA,NA,NA
7651,2018-10-12,2018-10-12,0.727,237.12,0.074,6.2208,769.9968,NA,suspended/tethered chamber- linear response,43.1033,-89.5118,280,NA,NA,NA,NA
7651,2018-11-01,2018-11-01,0.79,272.38,0.152,4.6656,588.7296,NA,suspended/tethered chamber- linear response,43.1033,-89.5118,280,NA,NA,NA,NA
7653,2014-06-19,2014-06-19,4.98,180.767774,NA,126.41,213.16,NA,suspended/tethered chamber- linear response,43.0302,-89.3026,260,NA,NA,NA,NA
7655,2014-06-09,2014-06-09,1.2,51.39197286,NA,1.32,154.81,NA,suspended/tethered chamber- linear response,42.8808,-89.2757,268,NA,NA,NA,NA
7656,2014-07-07,2014-07-07,1.44,201.7166628,NA,4.62,1416.31,NA,suspended/tethered chamber- linear response,42.9528,-89.1811,264,NA,NA,NA,NA
7658,2014-06-10,2014-06-10,1.96,119.9937716,NA,61.86,162.33,NA,suspended/tethered chamber- linear response,43.2531,-89.1597,274,NA,NA,NA,CH
7659,2014-06-10,2014-06-10,1.73,140.2151419,NA,1.6,257.95,NA,suspended/tethered chamber- linear response,43.2639,-89.212,286,NA,NA,NA,NA
7660,2014-06-26,2014-06-26,1.06,83.94674685,NA,0.69,139.05,NA,suspended/tethered chamber- linear response,43.0942,-89.7921,248,NA,NA,NA,NA
7661,2014-06-16,2014-06-16,1.11,323.169148,NA,2.7,1213.75,NA,suspended/tethered chamber- linear response,43.1991,-89.7419,232,NA,NA,NA,NA
7662,2014-06-25,2014-06-25,6.04,119.1772077,NA,180.38,1360.18,NA,suspended/tethered chamber- linear response,43.2125,-89.7946,224,NA,NA,NA,NA
7664,2014-06-12,2014-06-12,2.48,110.0449521,NA,35.17,436.22,NA,suspended/tethered chamber- linear response,43.1302,-89.1838,276,NA,NA,NA,CH
7665,2014-06-17,2014-06-17,2.89,245.7504584,NA,0.5,48.27,NA,suspended/tethered chamber- linear response,43.1479,-89.2073,277,NA,NA,NA,CH
7666,2014-06-24,2014-06-24,1.6,44.26522353,NA,15.66,47.54,NA,suspended/tethered chamber- linear response,43.1347,-89.734,249,NA,NA,NA,NA
7668,2014-06-11,2014-06-11,1.43,164.382977,NA,6.75,1276.09,NA,suspended/tethered chamber- linear response,42.977,-89.5396,288,NA,NA,NA,NA
7761,2007-01-15,2008-01-15,0.580040778,438.8817368,NA,215.820288,1530.725376,NA,floating chamber- linear response,-12.88,-52.32,350,NA,1,0.0013,NA
7828,2012-03-24,2012-03-24,0.224,83.47735174,0.0067,0.458839853,723.397632,0.014296149,conc+k,-12.645,28.1645,1190,NA,NA,7012,NA
7828,2013-02-07,2013-02-07,0.217,86.26831042,0.0069,0.095009016,161.53216,0.003174912,conc+k,-12.645,28.1645,1190,NA,NA,7012,NA
7829,2012-03-26,2012-03-26,0.327,111.1137664,0.005,0.171157711,254.954368,0.002753476,conc+k,-14.5625,26.4577,1100,NA,NA,55017,NA
7829,2013-02-10,2013-02-10,0.456,117.5670341,0.0056,0.123947936,139.550464,0.00159793,conc+k,-14.5625,26.4577,1100,NA,NA,55017,NA
7830,2012-03-27,2012-03-27,0.252,52.55253803,0.006,0.04827071,36.63616,0.001207847,conc+k,-14.9449,25.913,1075,NA,NA,95590,NA
7830,2013-02-11,2013-02-11,0.196,65.92864457,0.0059,0.026519121,37.801856,0.000837395,conc+k,-14.9449,25.913,1075,NA,NA,95590,NA
7830,2013-11-16,2013-11-16,0.656,46.46643846,0.0076,0.092609568,20.899264,0.001133583,conc+k,-14.9449,25.913,1075,NA,NA,95590,NA
7831,2012-03-28,2012-03-28,0.03,26.22626203,0.0064,0.028349877,63.863488,0.006341987,conc+k,-15.7641,26.0304,998,NA,NA,106434,DD
7831,2013-02-13,2013-02-13,0.1,36.3713373,0.0068,0.02936926,35.720256,0.002090353,conc+k,-15.7641,26.0304,998,NA,NA,106434,DD
7831,2013-11-17,2013-11-17,0.092,31.63306664,0.0095,0.054123088,47.127424,0.005808576,conc+k,-15.7641,26.0304,998,NA,NA,106434,DD
7832,2012-03-30,2012-03-30,0.735,46.19525237,0.0061,0.120946612,28.226496,0.001055298,conc+k,-15.6756,26.4454,986,NA,NA,117310,NA
7833,2012-03-31,2012-03-31,0.992,290.2409563,0.0039,0.187487204,239.467264,0.000772929,conc+k,-15.7465,27.8296,982,NA,NA,148151,NA
7833,2013-02-15,2013-02-15,0.524,340.5458617,0.003,0.623902912,1898.335936,0.003746982,conc+k,-15.7465,27.8296,982,NA,NA,148151,NA
7833,2013-11-20,2013-11-20,0.539,171.6580475,0.007,0.727578678,905.07968,0.009941501,conc+k,-15.7465,27.8296,982,NA,NA,148151,NA
7834,2012-04-01,2012-04-01,0.651,287.1272604,0.0061,0.1219418,236.88608,0.001196406,conc+k,-15.8369,28.3282,979,NA,NA,151896,NA
7834,2013-02-16,2013-02-16,0.55,318.2402424,0.0037,0.385235663,1033.472768,0.00271657,conc+k,-15.8369,28.3282,979,NA,NA,151896,NA
7834,2013-11-21,2013-11-21,0.898,191.2277723,0.0083,0.415881961,349.29248,0.004036712,conc+k,-15.8369,28.3282,979,NA,NA,151896,NA
7835,2012-04-02,2012-04-02,0.207,42.77814645,0.007,0.116583195,73.605376,0.004129527,conc+k,-15.9462,28.87,375,NA,NA,155774,NA
7835,2013-01-25,2013-01-25,0.4812,48.39142589,0.0069,3,88,NA,conc+k,-15.9462,28.87,375,NA,NA,155774,NA
7835,2013-02-17,2013-02-17,0.352,47.25612702,0.0068,0.223529942,98.084992,0.004544931,conc+k,-15.9462,28.87,375,NA,NA,155774,NA
7835,2013-11-24,2013-11-24,0.274,33.19736395,0.0087,0.236096039,67.194048,0.007899034,conc+k,-15.9462,28.87,375,NA,NA,155774,NA
7839,2013-01-27,2013-01-27,0.139,53.85726556,0.0067,0.157337165,219.900224,0.008015853,conc+k,-13.0979,31.786,529,NA,NA,74498,NA
7840,2012-04-09,2012-04-09,0.277,36.12741238,0.0078,0.187703782,71.856832,0.005584387,conc+k,-14.3045,30.5505,434,NA,NA,92362,NA
7841,2012-02-23,2012-02-23,0.166,43.13299407,0.0065,0.085126639,72.189888,0.00352735,conc+k,-15.0055,30.2155,369,NA,NA,142795,NA
7841,2013-01-28,2013-01-28,0.298,41.17212562,0.0068,0.293924696,133.305664,0.007121159,conc+k,-15.0055,30.2155,369,NA,NA,142795,NA
7842,2013-01-29,2013-01-29,0.096,37.26887931,0.0067,0.102110115,124.979264,0.007593686,conc+k,-15.604,30.4103,327,NA,NA,149697,NA
7843,2012-04-05,2012-04-05,0.422,89.66209763,0.0076,0.294098869,265.861952,0.005513161,conc+k,-13.932,29.1316,1064,NA,NA,5612,NA
7843,2013-02-02,2013-02-02,0.725,76.54792237,0.0068,0.945747271,408.160128,0.009219283,conc+k,-13.932,29.1316,1064,NA,NA,5612,NA
7844,2012-04-11,2012-04-11,0.373,47.63916102,0.0083,0.620221526,261.44896,0.014456158,conc+k,-14.7943,29.6292,440,NA,NA,25698,NA
7844,2013-01-30,2013-01-30,0.534,64.5615119,0.0071,0.207800093,91.5904,0.002911249,conc+k,-14.7943,29.6292,440,NA,NA,25698,NA
7845,2012-03-26,2012-03-26,0.307,72.41824382,0.0061,0.299218401,290.008512,0.006209242,conc+k,-13.9839,26.3469,1121,NA,NA,21530,NA
7845,2013-02-10,2013-02-10,0.314,84.72965177,0.0064,0.12323479,140.799424,0.002620359,conc+k,-13.9839,26.3469,1121,NA,NA,21530,NA
7846,2013-03-06,2013-03-06,0.152,28.56706953,0.0067,0.026099767,13.072448,0.001218423,conc+k,-16.5435,33.3806,169,NA,NA,33934,NA
7847,2012-04-22,2012-04-22,0.849,420.4562385,0.0034,0.814210563,1709.909504,0.003411659,conc+k,-17.4584,35.3388,30,NA,NA,162626,NA
7847,2013-02-26,2013-02-26,37.807,417.0347022,0.0019,45.17256553,2146.212864,0.002412428,conc+k,-17.4584,35.3388,30,NA,NA,162626,NA
7848,2012-03-24,2012-03-24,0.367,49.80928092,0.0058,0.350735701,184.679552,0.005851814,conc+k,-13.6427,27.6162,1129,NA,NA,22927,NA
7848,2013-02-03,2013-02-03,0.264,98.59404531,0.0065,0.098680715,162.3648,0.002543076,conc+k,-13.6427,27.6162,1129,NA,NA,22927,NA
7849,2012-03-22,2012-03-22,0.541,84.74628737,0.0065,0.63538736,424.479872,0.007846452,conc+k,-12.2604,26.7923,1271,NA,NA,591,NA
7849,2013-02-09,2013-02-09,0.445,105.8896213,0.0066,0.224518332,236.219968,0.003424015,conc+k,-12.2604,26.7923,1271,NA,NA,591,NA
7850,2012-03-25,2012-03-25,0.414,130.0868225,0.0053,0.1202315,169.608768,0.001608098,conc+k,-12.9971,26.5304,1184,NA,NA,10694,NA
7851,2012-02-05,2012-02-05,0.457,34.06064383,0.0069,0.573643412,127.726976,0.008913234,conc+k,-11.122,24.1986,1223,NA,NA,729,NA
7851,2013-01-13,2013-01-13,0.612,62.73897054,0.007,0.136422192,53.70528,0.001612972,conc+k,-11.122,24.1986,1223,NA,NA,729,NA
7851,2013-10-19,2013-10-19,0.636,88.6122337,0.0093,0.028845001,18.484608,0.000429198,conc+k,-11.122,24.1986,1223,NA,NA,729,NA
7852,2012-02-07,2012-02-07,0.149,69.39644092,0.0064,0.069313893,100.083328,0.003128898,conc+k,-13.0944,22.689,1043,NA,NA,80346,NA
7852,2013-01-14,2013-01-14,0.134,74.92604288,0.0062,0.043610385,100.083328,0.002117444,conc+k,-13.0944,22.689,1043,NA,NA,80346,NA
7853,2012-02-08,2012-02-08,0.342,56.43240899,0.0062,0.427620379,273.605504,0.008138031,conc+k,-14.3372,23.2359,1028,NA,NA,213627,NA
7853,2013-01-16,2013-01-16,0.274,74.19760147,0.0069,0.169773086,189.675392,0.004481498,conc+k,-14.3372,23.2359,1028,NA,NA,213627,NA
7853,2013-10-21,2013-10-21,0.259,19.73772133,0.0081,0.195365665,22.398016,0.006404561,conc+k,-14.3372,23.2359,1028,NA,NA,213627,NA
7854,2012-02-10,2012-02-10,1.02,212.5012327,0.0041,1.084611077,29.55872,0.004599078,conc+k,-16.2447,23.2388,1005,NA,NA,309896,NA
7854,2013-10-22,2013-10-22,0.873,23.52697874,0.0081,0.568236815,29.55872,0.005532679,conc+k,-16.2447,23.2388,1005,NA,NA,309896,NA
7855,2012-02-11,2012-02-11,0.447,52.36513735,0.0062,0.100967016,46.044992,0.001479623,conc+k,-17.4666,24.247,939,NA,NA,336405,NA
7855,2013-01-18,2013-01-18,0.299,44.83342707,0.0063,0.040818422,23.147392,0.000903529,conc+k,-17.4666,24.247,939,NA,NA,336405,NA
7855,2013-10-24,2013-10-24,0.265,8.812949914,0.0088,0.0284921,-1.915072,0.00099142,conc+k,-17.4666,24.247,939,NA,NA,336405,NA
7857,2012-02-11,2012-02-11,2.336,170.0673841,0.005,0.743737809,257.618816,0.001689479,conc+k,-17.7985,25.2807,924,NA,NA,517757,NA
7857,2013-01-19,2013-01-19,0.987,143.8144752,0.0056,0.592863699,389.009408,0.003533801,conc+k,-17.7985,25.2807,924,NA,NA,517757,NA
7858,2012-02-12,2012-02-12,0.224,70.61447077,0.0058,0.09381189,119.400576,0.002561444,conc+k,-17.8874,25.8426,889,NA,NA,520912,NA
7858,2013-01-21,2013-01-21,0.198,48.91395279,0.0062,0.038438731,32.639488,0.001267791,conc+k,-17.8874,25.8426,889,NA,NA,520912,NA
7858,2013-10-25,2013-10-25,0.3,21.00765556,0.0081,0.128444292,13.988352,0.003631247,conc+k,-17.8874,25.8426,889,NA,NA,520912,NA
7859,2012-02-14,2012-02-14,0.007,17.76967166,0.0063,0.00583578,23.397184,0.005567105,conc+k,-17.931,25.8596,773,NA,NA,521391,NA
7861,2012-02-19,2012-02-19,0.24,61.66024466,0.0085,0.256703012,235.054272,0.009558233,conc+k,-16.0162,28.8798,371,NA,NA,682655,NA
7861,2013-01-25,2013-01-25,0.165,68.49799972,0.008,0.076244289,117.318976,0.00388069,conc+k,-16.0162,28.8798,371,NA,NA,682655,NA
7861,2013-02-17,2013-02-17,0.1901,65.68425394,0.0087,0.6,146,NA,conc+k,-16.0162,28.8798,371,NA,NA,682655,NA
7861,2013-03-17,2013-03-17,0.6458,73.46107664,0.0073,135.5,150,NA,conc+k,-16.0162,28.8798,371,NA,NA,682655,NA
7861,2013-10-27,2013-10-27,0.311,52.32625362,0.0099,0.558933993,283.264128,0.018547713,conc+k,-16.0162,28.8798,371,NA,NA,682655,NA
7862,2012-02-21,2012-02-21,0.144,36.9545126,0.0069,0.141033017,107.327296,0.007128873,conc+k,-15.7112,29.3691,340,NA,NA,843172,NA
7863,2012-02-24,2012-02-24,0.354,24.86862349,0.0059,0.137236144,21.315584,0.002441923,conc+k,-15.6244,30.4034,327,NA,NA,857673,NA
7863,2013-01-29,2013-01-29,0.186,41.37736245,0.0062,0.130685492,96.419712,0.004633301,conc+k,-15.6244,30.4034,327,NA,NA,857673,NA
7864,2012-04-16,2012-04-16,0.37,56.82857366,0.008,0.232870602,125.062528,0.005291521,conc+k,-15.6207,33.0095,170,NA,NA,1097146,NA
7865,2012-04-19,2012-04-19,0.243,26.15839716,0.0081,0.072332255,16.486272,0.002529217,conc+k,-16.1396,33.5408,124,NA,NA,1106186,NA
7865,2013-02-22,2013-02-22,0.332,39.90715287,0.0075,0.357493292,127.893504,0.008499953,conc+k,-16.1396,33.5408,124,NA,NA,1106186,NA
7866,2012-04-20,2012-04-20,0.136,18.11828119,0.0079,0.164870086,23.397184,0.010038896,conc+k,-16.7148,34.2495,97,NA,NA,1186083,NA
7867,2012-04-23,2012-04-23,2.394,39.81957826,0.0077,0.956625487,44.96256,0.003219339,conc+k,-17.4594,35.0592,40,NA,NA,1203346,NA
7867,2013-02-24,2013-02-24,0.928,104.7577704,0.0069,1.051606994,467.11104,0.008347748,conc+k,-17.4594,35.0592,40,NA,NA,1203346,NA
7868,2012-04-22,2012-04-22,1.35,266.0107759,0.0053,1.388194808,1114.405376,0.005716994,conc+k,-17.8059,35.3995,25,NA,NA,1368613,NA
7868,2013-02-25,2013-02-25,1.769,357.8465817,0.0025,3.188252513,2772.025088,0.00480114,conc+k,-17.8059,35.3995,25,NA,NA,1368613,NA
7869,2013-03-02,2013-03-02,0.149,127.2081555,0.0065,0.222974203,764.280256,0.010350511,conc+k,-18.3649,36.0559,2,NA,NA,1379009,NA
7870,2013-06-25,2013-06-25,1.326379393,29.9,NA,0,-3.93,NA,suspended/tethered chamber- linear response,40.291,-105.659,3111,NA,NA,NA,NA
7871,2013-06-28,2013-06-28,0.097,26.8,NA,-0.1,0,NA,suspended/tethered chamber- linear response,40.284,-105.639,3039,NA,NA,NA,NA
7872,2013-06-28,2013-06-28,0.147,26.5,NA,-0.024,43.8,NA,suspended/tethered chamber- linear response,40.296,-105.644,2969,NA,NA,NA,NA
7873,2013-06-25,2013-06-25,0.095,39.7,NA,0.006,31.1,NA,suspended/tethered chamber- linear response,40.2902,-105.667,3205,NA,NA,NA,NA
7900,2013-07-01,2013-07-01,0.125,37,NA,0.6422,18.39822739,NA,suspended/tethered chamber- linear response,40.3564,-105.6176,2450,NA,NA,NA,NA
7907,2014-03-12,2014-03-12,0.012701224,33.9,NA,0.1507,92.29,NA,suspended/tethered chamber- linear response,18.3164,-65.8886,68,NA,NA,25.5,NA
7924,2010-06-21,2010-06-21,0.263677499,NA,NA,0.21758056,194.7452632,NA,floating chamber- linear response,-16.8732,145.683,21,NA,NA,NA,NA
7925,2010-06-21,2010-06-21,4.983796569,NA,NA,2.02181592,78.52768644,NA,floating chamber- linear response,-16.8523,145.649,30,NA,NA,NA,NA
7926,2010-06-20,2010-06-20,1.584329259,NA,NA,0.30423872,6.5416638,NA,floating chamber- linear response,-16.8005,145.612,333,NA,NA,NA,NA
7927,2010-06-21,2010-06-21,0.873861475,NA,NA,0.47817848,21.4393431,NA,floating chamber- linear response,-16.9234,145.588,405,NA,NA,NA,NA
7943,2010-06-19,2010-06-19,0.001229717,NA,NA,0.002618448,3.91931778,NA,floating chamber- linear response,-17.7665,145.5804,170,NA,NA,NA,DD
7944,2010-06-17,2010-06-17,1.789961309,NA,NA,1.14276552,139.4267364,NA,floating chamber- linear response,-17.8258,145.564,697,NA,NA,NA,NA
7968,2004-07-15,2005-04-15,0.4426424,74.9826,0.0522583,0.997504,83.61696,0.03862502,floating chamber- unspecified response,49.6639,17.2449,225,NA,3,119,NA
7968,2005-10-25,2006-07-18,0.93516,45.67122,NA,2.57543064,94.2963,0.075886804,suspended/tethered chamber- linear response,49.6639,17.2449,225,NA,3,119,NA
8018,2013-12-12,2013-12-12,9.621,429.009184,0.00224,9.3,121,NA,conc+k,0.11243,18.28072,305,NA,NA,NA,WS
8025,2012-11-25,2012-11-25,1.8219,168.47863,0.01237,5.2,38,NA,conc+k,0.49806,24.17,383,NA,NA,NA,NA
8157,2012-12-07,2012-12-07,0.1606,76.25067393,0.01035,0.5,170,NA,conc+k,0.56267,25.1199,395,NA,NA,NA,NA
8158,2012-12-07,2012-12-07,0.1152,54.64985189,0.00929,0.2,96,NA,conc+k,0.56807,25.1172,399,NA,NA,NA,NA
8174,2012-12-08,2012-12-08,0.0792,85.59234636,0.00993,0.2,119,NA,conc+k,0.50577,25.187,386,NA,NA,NA,NA
8205,2012-12-06,2012-12-06,0.1124,77.97458341,0.01023,0.1,84,NA,conc+k,0.57749,24.9008,384,NA,NA,NA,NA
8210,2013-12-10,2013-12-10,1.8662,266.3601795,0.00854,3.7,580,NA,conc+k,1.26153,18.7927,322,NA,NA,NA,WS
8211,2013-12-10,2013-12-10,6.0271,291.3019942,0.00641,21.1,1041,NA,conc+k,1.25127,18.7501,323,NA,NA,NA,WS
8216,2013-12-10,2013-12-10,5.0892,406.8578427,0.00104,5.2,608,NA,conc+k,1.1284,18.6258,321,NA,NA,NA,WS
8239,2012-11-27,2012-11-27,0.1302,62.07851708,0.00914,0.5,497,NA,conc+k,0.79495,24.2821,370,NA,NA,NA,NA
8241,2012-11-28,2012-11-28,21.2198,400.935689,0.00862,39.6,841,NA,conc+k,0.7877,24.2967,371,NA,NA,NA,FP
8254,2012-11-27,2012-11-27,0.2901,124.194769,0.01026,1.3,307,NA,conc+k,0.773,24.2706,374,NA,NA,NA,NA
8256,2012-11-24,2012-11-24,0.5946,256.9467997,0.01003,4.3,1240,NA,conc+k,0.4897,24.1773,381,NA,NA,NA,NA
8257,2012-12-01,2012-12-01,0.9468,279.3569019,0.01363,0.5,1565,NA,conc+k,0.73791,24.2277,375,NA,NA,NA,NA
8307,2012-12-01,2012-12-01,0.5118,146.9249982,0.01149,0.3,97,NA,conc+k,0.74073,24.2368,378,NA,NA,NA,NA
8354,2013-08-26,2013-09-06,0.549068447,NA,NA,0,17.2,NA,floating chamber- linear response,42.13,2.45,500,NA,NA,NA,NA
8356,2014-02-22,2014-02-22,0.9,187,NA,2,400,NA,conc+k,10.4278,-84.0181,70,NA,3,NA,NA
8356,2014-08-14,2014-08-14,2.5,143,NA,15,800,NA,conc+k,10.4278,-84.0181,70,NA,3,NA,NA
8357,2014-02-20,2014-02-20,1.1,267,NA,3,900,NA,conc+k,10.4319,-84.0139,47,NA,3,0.297,NA
8357,2014-08-11,2014-08-11,2.7,218,NA,7,600,NA,conc+k,10.4319,-84.0139,47,NA,3,0.297,NA
8358,2014-02-25,2014-02-25,0.7,215,NA,2,600,NA,conc+k,10.4244,-84.0153,70,NA,2,NA,NA
8358,2014-08-09,2014-08-09,0.6,111,NA,6,1100,NA,conc+k,10.4244,-84.0153,70,NA,2,NA,NA
8359,2014-03-01,2014-03-01,0.82,1078,NA,5,8800,NA,conc+k,10.4294,-84.0122,47,NA,2,0.461,NA
8359,2014-03-04,2014-03-04,0.85,1120,NA,2,3600,NA,conc+k,10.4294,-84.0122,47,NA,2,0.461,NA
8359,2014-08-04,2014-08-04,1.6,1248,NA,7,5600,NA,conc+k,10.4294,-84.0122,47,NA,2,0.461,NA
8359,2014-08-06,2014-08-06,1.6,1221,NA,5,4000,NA,conc+k,10.4294,-84.0122,47,NA,2,0.461,NA
8519,2014-01-20,2014-01-20,0.571926389,95.15940417,NA,2.476761619,250.2374816,NA,floating chamber- linear response,52.57,14.1,36,NA,2,134,NA
8520,2013-05-07,2013-05-07,0.128047586,64.7232025,NA,1.80825866,201.7270914,NA,floating chamber- linear response,53.02,12.91,81,NA,4,244,NA
8520,2013-07-21,2013-07-21,0.136410228,67.23575686,NA,1.108802313,150.8050158,NA,floating chamber- linear response,53.02,12.91,81,NA,4,244,NA
8520,2013-10-17,2013-10-17,0.344786227,84.66324759,NA,1.23542539,216.3514066,NA,floating chamber- linear response,53.02,12.91,81,NA,4,244,NA
8520,2014-01-20,2014-01-20,0.197115162,49.01818538,NA,1.033980674,77.34988383,NA,floating chamber- linear response,53.02,12.91,81,NA,4,244,NA
8521,2013-05-07,2013-05-07,0.663213335,133.0182109,NA,3.207065054,379.0885689,NA,floating chamber- linear response,52.27,14.73,45,NA,2,423,NA
8521,2013-07-21,2013-07-21,0.782068056,184.9517924,NA,3.60374491,640.7260022,NA,floating chamber- linear response,52.27,14.73,45,NA,2,423,NA
8521,2013-10-17,2013-10-17,0.932702431,142.024147,NA,3.673786147,507.2164281,NA,floating chamber- linear response,52.27,14.73,45,NA,2,423,NA
8521,2014-01-20,2014-01-20,0.649868704,107.5813328,NA,2.352783186,230.2174959,NA,floating chamber- linear response,52.27,14.73,45,NA,2,423,NA
8522,2013-05-07,2013-05-07,0.627837269,145.7410423,NA,1.830594464,280.7391888,NA,floating chamber- linear response,53.11,14.04,38,NA,3,414,CH
8522,2013-07-21,2013-07-21,0.091112899,121.5887205,NA,0.964759635,179.3697396,NA,floating chamber- linear response,53.11,14.04,38,NA,3,414,CH
8522,2013-10-17,2013-10-17,0.719248495,184.9392058,NA,2.250270285,408.8729208,NA,floating chamber- linear response,53.11,14.04,38,NA,3,414,CH
8522,2014-01-20,2014-01-20,1.231016551,185.9890979,NA,2.271453537,255.2240457,NA,floating chamber- linear response,53.11,14.04,38,NA,3,414,CH
8523,2013-05-07,2013-05-07,0.726531019,183.3751395,NA,1.087177925,206.0859975,NA,floating chamber- linear response,53.34,13.72,69,NA,2,95,CH
8523,2013-07-21,2013-07-21,0.209288194,295.3794145,NA,2.067151915,1022.152562,NA,floating chamber- linear response,53.34,13.72,69,NA,2,95,CH
8523,2013-10-17,2013-10-17,1.650782639,370.7772844,NA,4.549204299,919.7569428,NA,floating chamber- linear response,53.34,13.72,69,NA,2,95,CH
8523,2014-01-20,2014-01-20,0.588530154,229.4182601,NA,1.468082053,488.6389664,NA,floating chamber- linear response,53.34,13.72,69,NA,2,95,CH
8524,2013-05-07,2013-05-07,0.104167245,158.7721853,NA,0.693968095,203.9338783,NA,floating chamber- linear response,52.18,14.3,63,NA,2,64,CH
8524,2013-05-07,2013-05-07,0.104167245,158.7721853,NA,3.331168577,188.1551782,NA,floating chamber- linear response,52.18,14.3,63,NA,2,64,CH
8524,2013-05-07,2013-05-07,0.66548663,81.67839301,NA,0.693968095,203.9338783,NA,floating chamber- linear response,52.18,14.3,63,NA,2,64,CH
8524,2013-05-07,2013-05-07,0.66548663,81.67839301,NA,3.331168577,188.1551782,NA,floating chamber- linear response,52.18,14.3,63,NA,2,64,CH
8524,2013-07-21,2013-07-21,0.477466204,195.1425911,NA,1.324974866,196.4929304,NA,floating chamber- linear response,52.18,14.3,63,NA,2,64,CH
8524,2013-07-21,2013-07-21,0.477466204,195.1425911,NA,3.61723625,243.6784792,NA,floating chamber- linear response,52.18,14.3,63,NA,2,64,CH
8524,2013-07-21,2013-07-21,0.814816182,102.2850433,NA,1.324974866,196.4929304,NA,floating chamber- linear response,52.18,14.3,63,NA,2,64,CH
8524,2013-07-21,2013-07-21,0.814816182,102.2850433,NA,3.61723625,243.6784792,NA,floating chamber- linear response,52.18,14.3,63,NA,2,64,CH
8524,2013-10-17,2013-10-17,0.901641394,245.3679166,NA,2.221713365,528.1375907,NA,floating chamber- linear response,52.18,14.3,63,NA,2,64,CH
8524,2013-10-17,2013-10-17,0.901641394,245.3679166,NA,1.949788853,291.3092995,NA,floating chamber- linear response,52.18,14.3,63,NA,2,64,CH
8524,2013-10-17,2013-10-17,0.662906944,121.1316715,NA,2.221713365,528.1375907,NA,floating chamber- linear response,52.18,14.3,63,NA,2,64,CH
8524,2013-10-17,2013-10-17,0.662906944,121.1316715,NA,1.949788853,291.3092995,NA,floating chamber- linear response,52.18,14.3,63,NA,2,64,CH
8524,2014-01-20,2014-01-20,0.62509312,310.7173825,NA,2.724231387,1052.668974,NA,floating chamber- linear response,52.18,14.3,63,NA,2,64,CH
8581,2012-04-27,2012-04-27,0.313,53.56680509,0.0079,0.508628524,278.351552,0.013432031,conc+k,-18.5673,36.44534,0,NA,NA,1379181,DC
8585,2010-06-16,2010-06-16,0.721775035,NA,NA,0.17736868,115.9821768,NA,floating chamber- linear response,-17.8309,145.6021,715,NA,NA,NA,DD
8586,2014-07-09,2014-07-09,25.63,390.2713538,NA,0.97,31.46071656,NA,suspended/tethered chamber- linear response,42.9434,-89.4716,290,NA,NA,NA,NA
8600,2013-07-01,2013-07-01,0.329,51.8,NA,0.1008,65.25635701,NA,suspended/tethered chamber- linear response,40.363,-105.562,2240,NA,NA,NA,NA
8601,2013-07-01,2013-07-01,0.423,73.5,NA,0.4003,20.12463413,NA,suspended/tethered chamber- linear response,40.3536,-105.583,2295,NA,NA,NA,NA
8602,2013-06-29,2013-06-29,0.237,73,NA,10.1,146.4,NA,conc+k,39.994,-105.634,2900,NA,NA,NA,NA
8604,2013-06-29,2013-06-29,0.105,47.1,NA,1.67,77.6,NA,conc+k,40.0309,-105.535,2500,NA,NA,NA,NA
8606,2013-07-01,2013-07-01,0.255,88.6,NA,0.0246,49.64848337,NA,suspended/tethered chamber- linear response,40.4098,-105.636,2490,NA,NA,NA,NA
8612,2013-06-26,2013-06-26,0.104,18.6,NA,-0.0212,35.00669405,NA,suspended/tethered chamber- linear response,40.189,-105.542,2759,NA,NA,NA,NA
8612,2013-06-27,2013-06-27,0.123,16.7,NA,-0.00212,18.88239861,NA,suspended/tethered chamber- linear response,40.189,-105.542,2759,NA,NA,NA,NA
9119,2018-04-15,2018-04-15,0.434000072,250.2345155,NA,21,900,0.0186,floating chamber- unspecified response,43.64,117.1,1235,NA,NA,NA,NA
9119,2018-06-15,2018-06-15,0.097404114,123.5249252,NA,5.7,2800,-0.0011,floating chamber- unspecified response,43.64,117.1,1235,NA,NA,NA,NA
9119,2018-08-15,2018-08-15,0.024066815,263.3474264,NA,2,800,-0.0032,floating chamber- unspecified response,43.64,117.1,1235,NA,NA,NA,NA
9119,2018-10-15,2018-10-15,0.194010581,169.8032615,NA,4,500,0.0044,floating chamber- unspecified response,43.64,117.1,1235,NA,NA,NA,NA
9120,2018-06-15,2018-06-15,0.052991458,424.0526511,NA,3.1,6200,0.0099,floating chamber- unspecified response,43.68,116.56,1150,NA,NA,NA,NA
9120,2018-08-15,2018-08-15,0.017782976,491.7306393,NA,6.5,4500,0.0449,floating chamber- unspecified response,43.68,116.56,1150,NA,NA,NA,NA
9120,2018-10-15,2018-10-15,0.152747598,596.8733245,NA,9.9,4200,0.0613,floating chamber- unspecified response,43.68,116.56,1150,NA,NA,NA,NA
9121,2018-04-15,2018-04-15,0.071906677,31.8414929,NA,4,200,0.0099,floating chamber- unspecified response,43.6,116.6,1050,NA,NA,NA,NA
9121,2018-06-15,2018-06-15,0.044766944,23.9882012,NA,2.8,500,0,floating chamber- unspecified response,43.6,116.6,1050,NA,NA,NA,NA
9121,2018-08-15,2018-08-15,0.007245025,34.75753525,NA,2.5,300,0.0044,floating chamber- unspecified response,43.6,116.6,1050,NA,NA,NA,NA
9121,2018-10-15,2018-10-15,0.070469782,34.72326208,NA,3.1,900,0.0077,floating chamber- unspecified response,43.6,116.6,1050,NA,NA,NA,NA
9122,2018-04-15,2018-04-15,0.021725654,58.69273799,NA,2.3,500,0.012,floating chamber- unspecified response,43.63,116.48,1110,NA,NA,NA,DD
9122,2018-06-15,2018-06-15,0.088428348,69.51973634,NA,5.7,4900,0.0164,floating chamber- unspecified response,43.63,116.48,1110,NA,NA,NA,DD
9122,2018-08-15,2018-08-15,0.065797054,14.85291106,NA,70,0,-0.0022,floating chamber- unspecified response,43.63,116.48,1110,NA,NA,NA,DD
9122,2018-10-15,2018-10-15,3.569690394,113.5560538,NA,106,400,0.0033,floating chamber- unspecified response,43.63,116.48,1110,NA,NA,NA,DD
9123,2018-04-15,2018-04-15,0.040174595,53.51631879,NA,1.4,800,0.152,floating chamber- unspecified response,44,116.07,975,NA,NA,NA,PS
9123,2018-06-15,2018-06-15,0.384645136,78.90210681,NA,22,700,0.0011,floating chamber- unspecified response,44,116.07,975,NA,NA,NA,PS
9123,2018-08-15,2018-08-15,0.120764554,80.69259644,NA,14,800,0.104,floating chamber- unspecified response,44,116.07,975,NA,NA,NA,PS
9123,2018-10-15,2018-10-15,0.254513176,81.79741967,NA,22,500,0.148,floating chamber- unspecified response,44,116.07,975,NA,NA,NA,PS
9231,2016-05-15,2016-05-20,0.194544384,58.9397275,NA,0.1104,26.16,NA,conc+k,31.3337,108.5136,190,NA,NA,NA,NA
9231,2016-06-15,2016-06-20,0.079529665,53.56930444,NA,0.04344,22.32,NA,conc+k,31.3337,108.5136,190,NA,NA,NA,NA
9231,2016-07-15,2016-07-20,0.098035202,59.60205277,NA,0.07344,34.32,NA,conc+k,31.3337,108.5136,190,NA,NA,NA,NA
9231,2016-08-15,2016-08-20,0.297749606,58.10745356,NA,0.22344,36.48,NA,conc+k,31.3337,108.5136,190,NA,NA,NA,NA
9231,2016-09-15,2016-09-20,0.404034365,60.17541367,NA,0.2784,33.36,NA,conc+k,31.3337,108.5136,190,NA,NA,NA,NA
9231,2016-10-15,2016-10-20,0.05352235,74.0506787,NA,0.03,34.8,NA,conc+k,31.3337,108.5136,190,NA,NA,NA,NA
9231,2016-11-15,2016-11-20,0.081028342,82.03771523,NA,0.03288,28.8,NA,conc+k,31.3337,108.5136,190,NA,NA,NA,NA
9231,2016-12-15,2016-12-20,0.177150172,87.20875828,NA,0.08232,32.88,NA,conc+k,31.3337,108.5136,190,NA,NA,NA,NA
9231,2017-01-15,2017-01-20,0.098527802,90.54300755,NA,0.0396,31.2,NA,conc+k,31.3337,108.5136,190,NA,NA,NA,NA
9231,2017-02-15,2017-02-20,0.131416001,55.28624077,NA,0.06384,19.44,NA,conc+k,31.3337,108.5136,190,NA,NA,NA,NA
11038,2013-10-16,2013-10-16,0.75,232.9149364,NA,0.49,161.54,NA,conc+k,-28.566,152.976,65,NA,NA,1220,NA
11038,2014-02-11,2014-02-11,1.27,196.7650935,NA,2.03,295.8,NA,conc+k,-28.566,152.976,65,NA,NA,1220,NA
11038,2014-05-07,2014-05-07,0.51,234.5293822,NA,0.71,311.85,NA,conc+k,-28.566,152.976,65,NA,NA,1220,NA
11039,2013-10-16,2013-10-16,1.5,353.1151241,NA,1.29,316.34,NA,conc+k,-28.6167,153.003,56,NA,NA,1220,NA
11039,2014-02-11,2014-02-11,2.61,271.5796794,NA,2.94,293.16,NA,conc+k,-28.6167,153.003,56,NA,NA,1220,NA
11039,2014-05-07,2014-05-07,0.77,312.9820832,NA,1.76,688.38,NA,conc+k,-28.6167,153.003,56,NA,NA,1220,NA
11040,2013-10-16,2013-10-16,0.53,228.3017943,NA,0.74,320.89,NA,conc+k,-28.6208,152.995,55,NA,NA,1220,NA
11040,2014-02-11,2014-02-11,0.65,192.6486972,NA,1.04,288.73,NA,conc+k,-28.6208,152.995,55,NA,NA,1220,NA
11040,2014-05-07,2014-05-07,0.47,208.3249327,NA,0.75,310.72,NA,conc+k,-28.6208,152.995,55,NA,NA,1220,NA
11041,2013-10-16,2013-10-16,0.69,223.1919915,NA,0.52,176.87,NA,conc+k,-28.6793,152.998,45,NA,NA,1220,NA
11041,2014-02-11,2014-02-11,0.72,199.6290604,NA,0.73,192.61,NA,conc+k,-28.6793,152.998,45,NA,NA,1220,NA
11041,2014-05-07,2014-05-07,0.46,225.2873492,NA,0.55,255.2,NA,conc+k,-28.6793,152.998,45,NA,NA,1220,NA
11042,2013-10-16,2013-10-16,0.82,215.3457316,NA,0.62,172.07,NA,conc+k,-28.7418,152.978,40,NA,NA,1220,NA
11042,2014-02-11,2014-02-11,0.96,200.7368493,NA,0.98,197.35,NA,conc+k,-28.7418,152.978,40,NA,NA,1220,NA
11042,2014-05-07,2014-05-07,0.61,225.285745,NA,0.65,225.78,NA,conc+k,-28.7418,152.978,40,NA,NA,1220,NA
11043,2013-10-16,2013-10-16,0.76,201.9936693,NA,1.18,310.27,NA,conc+k,-28.7838,152.975,35,NA,NA,1220,NA
11043,2014-02-11,2014-02-11,0.88,202.5143547,NA,1.31,287.89,NA,conc+k,-28.7838,152.975,35,NA,NA,1220,NA
11043,2014-05-07,2014-05-07,0.61,233.020771,NA,0.97,352.85,NA,conc+k,-28.7838,152.975,35,NA,NA,1220,NA
11043,2014-09-03,2014-09-03,0.51,194.9252242,NA,1.32,470.13,NA,conc+k,-28.7838,152.975,35,NA,NA,1220,NA
11044,2013-10-16,2013-10-16,0.85,215.104679,NA,0.68,180.74,NA,conc+k,-28.841,152.98,30,NA,NA,1220,NA
11044,2014-02-11,2014-02-11,0.96,177.8462513,NA,0.97,170,NA,conc+k,-28.841,152.98,30,NA,NA,1220,NA
11044,2014-05-07,2014-05-07,0.61,243.9348592,NA,0.54,206.97,NA,conc+k,-28.841,152.98,30,NA,NA,1220,NA
11044,2014-09-03,2014-09-03,0.56,205.024342,NA,0.87,300.29,NA,conc+k,-28.841,152.98,30,NA,NA,1220,NA
11045,2013-10-16,2013-10-16,0.2,172.4649341,NA,0.16,134.24,NA,conc+k,-28.8686,153.044,25,NA,NA,1220,NA
11045,2014-02-11,2014-02-11,0.51,177.3808995,NA,0.59,194.35,NA,conc+k,-28.8686,153.044,25,NA,NA,1220,NA
11045,2014-05-07,2014-05-07,0.19,210.5858948,NA,0.18,193.37,NA,conc+k,-28.8686,153.044,25,NA,NA,1220,NA
11045,2014-09-03,2014-09-03,0.26,166.4909025,NA,0.65,383.69,NA,conc+k,-28.8686,153.044,25,NA,NA,1220,NA
11046,2013-10-16,2013-10-16,0.61,170.6880715,NA,0.54,141.69,NA,conc+k,-28.8862,153.125,13,NA,NA,1220,NA
11046,2014-02-11,2014-02-11,1.29,188.5331151,NA,1.73,240.64,NA,conc+k,-28.8862,153.125,13,NA,NA,1220,NA
11046,2014-05-07,2014-05-07,0.48,215.9715609,NA,0.75,314.62,NA,conc+k,-28.8862,153.125,13,NA,NA,1220,NA
11046,2014-09-03,2014-09-03,0.5,160.5198659,NA,1.25,365.31,NA,conc+k,-28.8862,153.125,13,NA,NA,1220,NA
11047,2013-10-16,2013-10-16,1.35,258.9705448,NA,1.13,224.8,NA,conc+k,-28.6618,152.916,57,NA,NA,718,NA
11047,2014-02-11,2014-02-11,1.33,205.0527199,NA,1.67,242.75,NA,conc+k,-28.6618,152.916,57,NA,NA,718,NA
11047,2014-05-07,2014-05-07,1.06,276.4862118,NA,1.46,365.56,NA,conc+k,-28.6618,152.916,57,NA,NA,718,NA
11048,2013-10-16,2013-10-16,0.7,206.6196104,NA,1.44,413.68,NA,conc+k,-28.6632,152.901,65,NA,NA,718,NA
11048,2014-02-11,2014-02-11,1.78,192.6872138,NA,3.32,338.2,NA,conc+k,-28.6632,152.901,65,NA,NA,718,NA
11048,2014-05-07,2014-05-07,1.16,202.5220061,NA,1.66,271.23,NA,conc+k,-28.6632,152.901,65,NA,NA,718,NA
11049,2013-10-16,2013-10-16,2.08,375.6405023,NA,1.82,345.61,NA,conc+k,-28.714,152.906,50,NA,NA,718,NA
11049,2014-02-11,2014-02-11,8.55,328.0072537,NA,13.72,507.81,NA,conc+k,-28.714,152.906,50,NA,NA,718,NA
11049,2014-05-07,2014-05-07,1.77,303.6340212,NA,3.63,596.32,NA,conc+k,-28.714,152.906,50,NA,NA,718,NA
11050,2013-10-16,2013-10-16,0.62,201.2816699,NA,0.88,284.09,NA,conc+k,-28.7157,152.86,65,NA,NA,718,NA
11050,2014-02-11,2014-02-11,0.75,173.5609072,NA,1.31,281.8,NA,conc+k,-28.7157,152.86,65,NA,NA,718,NA
11050,2014-05-07,2014-05-07,0.64,221.2793785,NA,0.96,314.35,NA,conc+k,-28.7157,152.86,65,NA,NA,718,NA
11051,2013-10-16,2013-10-16,2.5,319.8378532,NA,2.32,308.31,NA,conc+k,-28.744,152.913,42,NA,NA,718,NA
11051,2014-02-11,2014-02-11,1.82,305.3738789,NA,1.32,214.95,NA,conc+k,-28.744,152.913,42,NA,NA,718,NA
11051,2014-05-07,2014-05-07,1.52,265.8757048,NA,1.48,248.05,NA,conc+k,-28.744,152.913,42,NA,NA,718,NA
11052,2013-10-16,2013-10-16,0.84,205.3226087,NA,1.29,310.78,NA,conc+k,-28.7575,152.924,40,NA,NA,718,NA
11052,2014-02-11,2014-02-11,0.97,171.7480661,NA,1.82,299.98,NA,conc+k,-28.7575,152.924,40,NA,NA,718,NA
11052,2014-05-07,2014-05-07,0.83,217.0848904,NA,1.12,274.45,NA,conc+k,-28.7575,152.924,40,NA,NA,718,NA
11053,2013-10-16,2013-10-16,1.3,364.5262716,NA,0.93,278.09,NA,conc+k,-28.8124,152.902,45,NA,NA,718,NA
11053,2014-02-11,2014-02-11,2.91,411.1471862,NA,2.59,359.11,NA,conc+k,-28.8124,152.902,45,NA,NA,718,NA
11053,2014-05-07,2014-05-07,0.95,367.5727271,NA,0.81,308.32,NA,conc+k,-28.8124,152.902,45,NA,NA,718,NA
11054,2013-10-16,2013-10-16,5.7,378.1376505,NA,3.31,239.95,NA,conc+k,-28.8024,152.937,38,NA,NA,718,NA
11054,2014-05-07,2014-05-07,0.78,340.613181,NA,0.57,243.68,NA,conc+k,-28.8024,152.937,38,NA,NA,718,NA
11055,2013-10-16,2013-10-16,0.7,167.822575,NA,1.3,306.82,NA,conc+k,-28.804,152.954,38,NA,NA,718,NA
11055,2014-02-11,2014-02-11,0.54,155.1108267,NA,0.85,227.09,NA,conc+k,-28.804,152.954,38,NA,NA,718,NA
11055,2014-05-07,2014-05-07,0.63,194.862094,NA,0.89,257.41,NA,conc+k,-28.804,152.954,38,NA,NA,718,NA
11056,2014-09-03,2014-09-03,0.85,217.5258088,NA,1.21,292.82,NA,conc+k,-28.9052,152.878,91,NA,NA,606,NA
11057,2014-09-03,2014-09-03,1.57,155.4048922,NA,4.71,421.45,NA,conc+k,-28.9526,152.926,53,NA,NA,606,NA
11058,2014-09-03,2014-09-03,1.74,116.8105441,NA,4.64,270.27,NA,conc+k,-28.9793,152.905,60,NA,NA,606,NA
11059,2014-09-03,2014-09-03,2.41,122.0652759,NA,5.75,255.01,NA,conc+k,-28.9468,152.973,40,NA,NA,606,NA
11060,2014-09-03,2014-09-03,0.58,130.8602207,NA,2.38,475.57,NA,conc+k,-28.8675,152.911,65,NA,NA,606,NA
11061,2014-05-07,2014-05-07,1.49,153.409437,NA,2.92,269.77,NA,conc+k,-28.923,152.974,38,NA,NA,606,NA
11061,2014-09-03,2014-09-03,0.68,131.6969362,NA,1.76,299.24,NA,conc+k,-28.923,152.974,38,NA,NA,606,NA
11062,2014-09-03,2014-09-03,1.31,135.9092144,NA,2.81,258.33,NA,conc+k,-28.9316,153.005,37,NA,NA,606,NA
11063,2014-09-03,2014-09-03,1.4,132.8344427,NA,2.81,236.6,NA,conc+k,-28.9435,153.062,30,NA,NA,606,NA
11064,2014-09-03,2014-09-03,1.4,161.3573968,NA,5.7,487.71,NA,conc+k,-28.9218,153.112,18,NA,NA,606,NA
11065,2014-09-03,2014-09-03,5.58,201.1223587,NA,11.47,384.99,NA,conc+k,-28.927,153.158,7,NA,NA,606,NA
11605,2014-08-17,2014-08-17,0.007131468,79.06888378,0.006716409,2.0649472,1187.34464,0.00713929,conc+k,34.45,97.57,4372,0.0263,NA,NA,NA
11606,2014-08-15,2014-08-15,0.04276423,24.43245834,0.007860976,3.33056,51.540416,0.005711432,conc+k,34.88,98.17,4220,0.0039,NA,NA,NA
11607,2014-08-18,2014-08-18,0.007637483,37.02663176,0.008112505,0.5745216,119.567104,0.00713929,conc+k,35.7,99.55,3780,0.009,NA,NA,NA
11608,2014-08-11,2014-08-11,0.017378599,48.88563645,0.009944968,5.0291456,527.310912,0.024273586,conc+k,37.03,99.73,3199,0.0202,NA,NA,NA
11609,2014-08-11,2014-08-11,0.014269788,43.30449834,0.009410005,4.0133248,447.793792,0.019276083,conc+k,37.21,100.48,3279,0.0202,NA,NA,NA
11610,2014-08-12,2014-08-12,0.031080861,50.3309882,0.010919352,9.5420544,541.382528,0.030698947,conc+k,36.9,101,3006,0.0202,NA,NA,NA
11611,2014-08-12,2014-08-12,0.018123719,43.4084486,0.019284013,5.162368,438.38496,0.159920096,conc+k,36.65,101.55,2346,0.0202,NA,NA,NA
11612,2014-08-15,2014-08-15,0.005290258,36.89966623,0.007308248,1.2156544,407.910336,0.027129302,conc+k,35,98.07,4241,0.0202,NA,NA,NA
11613,2014-08-18,2014-08-18,0.014582885,66.66353459,0.01476049,4.2381376,817.819008,0.103519705,conc+k,35.05,98.7,4475,0.0202,NA,NA,NA
11614,2014-08-13,2014-08-13,0.016030794,60.02518368,0.012447455,3.7385536,550.041984,0.029271089,conc+k,36.05,101.4,2196,0.0254,NA,NA,NA
11615,2014-08-19,2014-08-19,0.040169122,71.73204475,0.011240945,9.2756096,631.807232,0.022845728,conc+k,36.13,103.62,1525,0.0182,NA,NA,NA
11616,2014-08-16,2014-08-16,0.008510751,45.51375331,0.007893657,0.9908416,232.389824,0.008567148,conc+k,34.1,97.63,4701,0.0167,NA,NA,NA
11617,2014-08-17,2014-08-17,0.008399243,44.94384986,0.008332994,1.2239808,290.091776,0.018562154,conc+k,33.45,97.28,4294,0.0099,NA,NA,NA
11618,2014-08-16,2014-08-16,0.027132897,61.89078514,0.00981787,4.6794368,419.23424,0.017848225,conc+k,33.17,97.37,3953,0.0099,NA,NA,NA
11619,2014-08-16,2014-08-16,0.008316166,45.56987482,0.007868641,1.0491264,255.453952,0.003569645,conc+k,32.98,97.25,3521,0.0112,NA,NA,NA
11620,2015-05-10,2015-05-10,0.004052774,17.97101412,0.006752684,0.9908416,150.70784,0.004997503,conc+k,29.73,83.98,4587,0.0445,NA,NA,NA
11621,2015-05-10,2015-05-10,0.001145057,25.74764458,0.006424493,-0.374688,284.76288,-0.025701444,conc+k,29.3,85.17,4475,0.0445,NA,NA,NA
11622,2015-05-09,2015-05-09,0.000551148,28.24293272,0.004167078,-0.6744384,331.640512,-0.067823255,conc+k,29.12,87.58,4004,0.0445,NA,NA,NA
11623,2015-05-06,2015-05-06,0.000690427,24.90274157,0.004132289,-0.2414656,110.3248,-0.025701444,conc+k,29.33,91.87,3616,0.0118,NA,NA,NA
11624,2015-05-25,2015-05-25,0.00323452,16.33859363,0.008728076,0.2248128,42.46464,0.01427858,conc+k,29.43,94.5,3131,0.0118,NA,NA,NA
11625,2014-08-25,2014-08-25,0.015267423,33.64569506,0.01003827,2.91424,197.918528,0.010708935,conc+k,29.5,94.42,3118,0.0118,NA,NA,NA
11626,2015-05-09,2015-05-09,0.00169944,18.05078552,0.004740735,-0.166528,196.253248,-0.075676474,conc+k,29.5,86.35,4715,0.0445,NA,NA,NA
11627,2015-05-10,2015-05-10,0.001517037,30.0045183,0.008350309,-0.3413824,556.61984,0.032126805,conc+k,29.55,84.95,4575,0.062,NA,NA,NA
11628,2015-05-09,2015-05-09,0.001221373,20.82071065,0.003988575,-0.499584,256.86944,-0.116370427,conc+k,29.48,86.03,4852,0.062,NA,NA,NA
11629,2015-05-09,2015-05-09,0.016616744,27.95796953,0.004740735,7.6020032,355.037696,-0.076390403,conc+k,29.25,88.92,3827,0.0609,NA,NA,NA
11630,2015-05-06,2015-05-06,0.025956681,13.81029934,0.005132978,5.62032,23.31392,-0.022131799,conc+k,29.38,90.87,3602,0.0294,NA,NA,NA
11631,2014-09-03,2014-09-03,0.332894658,54.37205155,0.009410506,68.1016256,396.586432,0.02141787,conc+k,29.75,94.73,3351,0.0126,NA,NA,NA
11632,2014-08-28,2014-08-28,0.019535401,48.9176057,0.018538357,5.8534592,543.2976,0.14992509,conc+k,29.77,94.75,3332,0.0226,NA,NA,NA
11633,2014-08-28,2014-08-28,0.028978398,53.5029097,0.013362932,3.080768,203.330688,0.02141787,conc+k,29.77,94.75,3330,0.0104,NA,NA,NA
11634,2014-08-25,2014-08-25,0.013853022,28.63149059,0.009172176,2.373024,140.29984,0.006425361,conc+k,29.4,94.43,2898,0.0126,NA,NA,NA
11635,2015-05-15,2015-05-15,0.002634837,21.38126902,0.009685281,0.1831808,141.715328,-0.002855716,conc+k,32.5193,80.1556,4311,0.0425,NA,NA,DD
11636,2015-05-15,2015-05-15,0.002646309,24.80029246,0.008420324,0.20816,205.495552,0.02141787,conc+k,31.78,80.28,4440,0.0425,NA,NA,NA
11721,2013-11-07,2013-11-07,2.835652275,481.8503176,NA,16.07073961,74.0928627,NA,floating chamber- linear response,52.31,0.28,10,NA,NA,NA,DIT
11721,2014-09-29,2014-09-29,2.840611531,189.8313957,0.088354777,51.54705034,98.13245779,NA,floating chamber- linear response,52.31,0.28,10,NA,NA,NA,DIT
11721,2015-03-11,2015-03-11,10.66461993,181.7612337,0.027890967,19.08952384,76.81643814,NA,floating chamber- linear response,52.31,0.28,10,NA,NA,NA,DIT
11721,2015-05-05,2015-05-05,0.643612843,108.6784471,0.016969052,26.3004475,66.23495486,NA,floating chamber- linear response,52.31,0.28,10,NA,NA,NA,DIT
11721,2015-08-20,2015-08-20,0.795918925,129.6450256,0.021912412,21.52823117,106.4944743,NA,floating chamber- linear response,52.31,0.28,10,NA,NA,NA,DIT
11721,2015-10-15,2015-10-15,1.804530797,190.4683695,0.037480326,15.89400928,80.5345458,NA,floating chamber- linear response,52.31,0.28,10,NA,NA,NA,DIT
11722,2013-11-07,2013-11-07,0.803397155,296.6453071,NA,1.199274041,59.48661067,NA,floating chamber- linear response,52.3,0.29,10,NA,NA,NA,DIT
11722,2014-09-29,2014-09-29,5.178846054,205.4683719,0.0146331,161.7991397,151.5432416,NA,floating chamber- linear response,52.3,0.29,10,NA,NA,NA,DIT
11722,2015-03-11,2015-03-11,0.672459113,42.90707112,0.057397723,0.406875924,15.49566141,NA,floating chamber- linear response,52.3,0.29,10,NA,NA,NA,DIT
11722,2015-05-05,2015-05-05,0.887017514,85.9797053,0.015705053,11.9046491,45.39447379,NA,floating chamber- linear response,52.3,0.29,10,NA,NA,NA,DIT
11722,2015-08-20,2015-08-20,8.999237583,247.5076488,0.016483995,189.3653618,200.3765753,NA,floating chamber- linear response,52.3,0.29,10,NA,NA,NA,DIT
11722,2015-10-15,2015-10-15,5.099970798,211.0616642,0.015643109,8.940561853,121.0567038,NA,floating chamber- linear response,52.3,0.29,10,NA,NA,NA,DIT
11723,2015-03-12,2015-03-12,1.650877008,212.246804,0.062084711,0.2680792,85.18540645,NA,floating chamber- linear response,52.52,0.49,10,NA,NA,NA,DIT
11723,2015-05-06,2015-05-06,1.715524434,97.4636611,0.069744573,0.3865328,40.0364457,NA,floating chamber- linear response,52.52,0.49,10,NA,NA,NA,DIT
11723,2015-08-17,2015-08-17,30.08173501,330.2374858,0.018974211,117.1069696,114.9302572,NA,floating chamber- linear response,52.52,0.49,10,NA,NA,NA,DIT
11723,2015-10-12,2015-10-12,11.61863518,363.2669467,0.055722862,16.115924,134.616915,NA,floating chamber- linear response,52.52,0.49,10,NA,NA,NA,DIT
11728,2015-09-22,2015-09-22,11.50933486,336.3540506,NA,1.7,36,NA,conc+k,-33.7012,150.37098,867,NA,1,NA,CH
12069,2017-07-09,2017-07-09,68.8,1551.4,0,8.5595392,468.98448,NA,floating chamber- linear response,61.284,-163.26,15,NA,NA,NA,NA
12083,2016-06-17,2016-06-17,0.022347385,8.096448098,0.008982611,0.48376384,52.29478784,NA,floating chamber- linear response,61.1863,-162.79,15,NA,NA,NA,NA
12085,2016-06-18,2016-06-18,0.152176888,1.280910255,0.011201033,0.78101632,36.19735872,NA,floating chamber- linear response,61.199,-162.796,15,NA,NA,NA,NA
12086,2016-06-18,2016-06-18,0.309460746,107.7687541,0.014700634,1.27060864,36.41051456,NA,floating chamber- linear response,61.2008,-162.796,15,NA,NA,NA,NA
12330,2014-11-14,2014-11-14,0.08,49,NA,0.011640872,5.08245696,NA,conc+k,-28.2838,153.504,102,NA,NA,1,DIT
12330,2015-01-15,2015-01-15,0.42,673,NA,0.257131594,446.8199501,NA,conc+k,-28.2838,153.504,102,NA,NA,1,DIT
12330,2015-02-15,2015-02-15,2.86,219,NA,1.485497919,150.3251165,NA,conc+k,-28.2838,153.504,102,NA,NA,1,DIT
12330,2015-03-15,2015-03-15,1.99,120,NA,0.698242825,55.77614784,NA,conc+k,-28.2838,153.504,102,NA,NA,1,DIT
12330,2015-05-15,2015-05-15,0.5,130,NA,0.185146717,58.20285744,NA,conc+k,-28.2838,153.504,102,NA,NA,1,DIT
12330,2015-07-15,2015-07-15,0.45,493,NA,0.182288868,255.2843966,NA,conc+k,-28.2838,153.504,102,NA,NA,1,DIT
12330,2015-08-15,2015-08-15,0.49,110,NA,0.101356381,27.61540992,NA,conc+k,-28.2838,153.504,102,NA,NA,1,DIT
12330,2015-09-15,2015-09-15,0.67,81,NA,0.137296451,21.540456,NA,conc+k,-28.2838,153.504,102,NA,NA,1,DIT
12330,2015-10-15,2015-10-15,2.21,175,NA,0.379420596,41.22134352,NA,conc+k,-28.2838,153.504,102,NA,NA,1,DIT
12343,2015-01-05,2015-01-05,0.234745312,221.7029396,NA,0.83264,632.8064,NA,conc+k,-33.7092,150.3743,900,NA,NA,NA,WS
12343,2015-08-01,2015-08-01,0.150847305,113.9113103,NA,0.749376,449.6256,NA,conc+k,-33.7092,150.3743,900,NA,NA,NA,WS
12344,2015-01-05,2015-01-05,1.213738148,487.5381221,NA,4.1632,2389.6768,NA,conc+k,-33.7015,150.3752,900,NA,NA,NA,CH
12344,2015-08-01,2015-08-01,1.726930639,420.8057995,NA,2.49792,549.5424,NA,conc+k,-33.7015,150.3752,900,NA,NA,NA,CH
